dgs;imageset;project
004130260;1649E714-EA87-4745-A6E2-FFC0E88F1808;AC8EF05E-FA77-4071-9201-0232A27BDD00
004130268;97D20520-4ACE-40E6-AE79-2F6ABAB32DFF;AC8EF05E-FA77-4071-9201-0232A27BDD00
004130269;3E0FCD68-B139-4D05-85DF-8E297525997A;AC8EF05E-FA77-4071-9201-0232A27BDD00
004130272;D9C3415A-177F-4D29-A0B8-8910F220809B;AC8EF05E-FA77-4071-9201-0232A27BDD00
004130275;E06FB38E-4D94-44E4-978D-507998DDBA12;AC8EF05E-FA77-4071-9201-0232A27BDD00
004130276;53A6A48F-7E71-44C0-BFFE-06AA5F687E2F;AC8EF05E-FA77-4071-9201-0232A27BDD00
004131008;ABD8CAE7-7684-433F-9600-C5B91C28EE5E;AC8EF05E-FA77-4071-9201-0232A27BDD00
004131009;ADBD40A9-E0B2-4005-80C6-443A1B14DF2E;AC8EF05E-FA77-4071-9201-0232A27BDD00
004131014;EE1E8CFC-4F06-47A7-BA58-B80AAEC20C48;AC8EF05E-FA77-4071-9201-0232A27BDD00
004131092;51E14E08-28AF-4326-A70E-3E67E58181F8;AC8EF05E-FA77-4071-9201-0232A27BDD00
004131145;E79198C3-C8F4-4A36-A326-E9B98BDA0A34;AC8EF05E-FA77-4071-9201-0232A27BDD00
004131154;3D6FAB5F-3EE3-4AAB-B25C-8D8162764DE2;AC8EF05E-FA77-4071-9201-0232A27BDD00
004131177;DD947481-79CB-4580-8315-A1E546D182D6;AC8EF05E-FA77-4071-9201-0232A27BDD00
004131181;53A3109D-1849-4F0D-9DCC-DF73C673F20B;AC8EF05E-FA77-4071-9201-0232A27BDD00
004131196;F3A4F521-D31E-4846-A4E2-A9C5A1657D98;AC8EF05E-FA77-4071-9201-0232A27BDD00
004131202;5C9049A2-55DE-4017-881D-E108AF7785FB;AC8EF05E-FA77-4071-9201-0232A27BDD00
004131209;28AE690A-345D-4DDB-A58B-6837D6CC339E;AC8EF05E-FA77-4071-9201-0232A27BDD00
004131213;7155FE0A-A41A-4A14-A1CB-42DE67DC3BF9;AC8EF05E-FA77-4071-9201-0232A27BDD00
004131222;E90C1587-A953-4241-8BCC-C6F6E18D35BF;AC8EF05E-FA77-4071-9201-0232A27BDD00
004131225;2F6061BB-B1D2-40B7-BC38-73FB81DBEB18;AC8EF05E-FA77-4071-9201-0232A27BDD00
004131234;D8BED33F-FA55-436E-BA77-C2C19F79811F;AC8EF05E-FA77-4071-9201-0232A27BDD00
004131237;81C873E2-9DDF-4CBC-AD56-979C119A1547;AC8EF05E-FA77-4071-9201-0232A27BDD00
004131244;D1663A99-F7E3-480E-8E5B-75F121B0D835;AC8EF05E-FA77-4071-9201-0232A27BDD00
004131251;52DF9479-3ADD-443D-A2D4-1B48943CE6D9;AC8EF05E-FA77-4071-9201-0232A27BDD00
004131254;8FC2EB37-5768-4535-B780-FBD0A73C7C62;AC8EF05E-FA77-4071-9201-0232A27BDD00
004131257;C912F4CD-046C-40FC-A6F2-72C1A09E52DF;AC8EF05E-FA77-4071-9201-0232A27BDD00
004131260;E054E328-BDEF-42FE-9244-D09CC2952923;AC8EF05E-FA77-4071-9201-0232A27BDD00
004131621;13FD60D4-D178-4DC4-BCDA-335A53EF2FC7;AC8EF05E-FA77-4071-9201-0232A27BDD00
004131671;5510295C-14A3-4733-A87F-B37E9D4E6463;AC8EF05E-FA77-4071-9201-0232A27BDD00
004132129;8A10C80F-95A1-495F-ABED-6EB32F81BCE5;AC8EF05E-FA77-4071-9201-0232A27BDD00
004132130;59B0A318-8225-47F8-ABF2-9197EBB3CA7A;AC8EF05E-FA77-4071-9201-0232A27BDD00
004132156;F7329AE4-64C2-4B74-9C0A-DF193C55F829;AC8EF05E-FA77-4071-9201-0232A27BDD00
004132166;2B8424F3-5EBB-4FA2-81CE-68FDA34FA9EE;AC8EF05E-FA77-4071-9201-0232A27BDD00
004132208;4FE9D100-D712-4CB5-81D3-E018F373B641;AC8EF05E-FA77-4071-9201-0232A27BDD00
004132233;78B14C97-409E-428A-AED6-FC4002C82D0C;AC8EF05E-FA77-4071-9201-0232A27BDD00
004132242;F296BFDD-DF3D-4AAA-B689-E2E196FA97BF;AC8EF05E-FA77-4071-9201-0232A27BDD00
004132261;92CE4B06-C0C5-4BDD-80A1-6003CB7F3735;AC8EF05E-FA77-4071-9201-0232A27BDD00
004132265;25698EC7-D544-414B-8F07-22F22655DCA0;AC8EF05E-FA77-4071-9201-0232A27BDD00
004132284;57FC7469-6E43-4C41-82AF-C5BF887204F5;AC8EF05E-FA77-4071-9201-0232A27BDD00
004132285;8510CD92-C2D9-48B0-BE77-5CB085AF89C4;AC8EF05E-FA77-4071-9201-0232A27BDD00
004132294;9444F6E3-06A6-45A1-B8EC-5AB194971D74;AC8EF05E-FA77-4071-9201-0232A27BDD00
004132299;3CFD6C02-A01E-4674-BC8F-9147B21500F2;AC8EF05E-FA77-4071-9201-0232A27BDD00
004132306;7FB336AF-D03A-4123-8227-ED6ADB1EB253;AC8EF05E-FA77-4071-9201-0232A27BDD00
004132309;9DA8490E-0F26-417B-977F-BEFC82E2F7DA;AC8EF05E-FA77-4071-9201-0232A27BDD00
004132314;237B7AB3-7E59-49C7-A841-9AE037200802;AC8EF05E-FA77-4071-9201-0232A27BDD00
004132317;88BF6312-0FEC-44D7-B3A7-9BE0DBDB40F1;AC8EF05E-FA77-4071-9201-0232A27BDD00
004132322;88ABD3F3-1E23-45E2-AA8D-313C5912CE52;AC8EF05E-FA77-4071-9201-0232A27BDD00
004132323;74471D73-4CD3-4607-8857-CD4D111C2DEF;AC8EF05E-FA77-4071-9201-0232A27BDD00
004132327;B982942C-9A2A-41FE-BB2F-FFB573B1C50A;AC8EF05E-FA77-4071-9201-0232A27BDD00
004132331;17249761-42FA-4522-BC11-165F6F1A73CC;AC8EF05E-FA77-4071-9201-0232A27BDD00
004132334;91051B4D-BEA5-467C-AC89-2327307AB371;AC8EF05E-FA77-4071-9201-0232A27BDD00
004132338;3799B3F2-CE87-449D-BAEB-FF2379CFF944;AC8EF05E-FA77-4071-9201-0232A27BDD00
004132344;F4B498B7-9163-431F-A4A7-8F85181EFB19;AC8EF05E-FA77-4071-9201-0232A27BDD00
004132349;06300976-5CBB-4A3E-8347-3ED74A2A82E0;AC8EF05E-FA77-4071-9201-0232A27BDD00
004132353;44D6D7C2-EBD4-47BF-9AB5-37EA8531F2B8;AC8EF05E-FA77-4071-9201-0232A27BDD00
004132357;B4D1C039-E79A-4C46-B098-F56D9C9BFB35;AC8EF05E-FA77-4071-9201-0232A27BDD00
004132362;05626191-652D-4DA1-B420-10FC20236E04;AC8EF05E-FA77-4071-9201-0232A27BDD00
004132366;FA811AF3-CC94-4D13-A827-71F71BF0069F;AC8EF05E-FA77-4071-9201-0232A27BDD00
004132732;C68D94E7-60D5-41DE-BAD3-67D09CDA69EC;AC8EF05E-FA77-4071-9201-0232A27BDD00
004132733;8FBE5586-D620-443A-A57A-11DF8BFA34F9;AC8EF05E-FA77-4071-9201-0232A27BDD00
004132734;0731775D-1ECD-4425-84F2-7891BEC115E9;AC8EF05E-FA77-4071-9201-0232A27BDD00
004132750;05D9DCDC-C412-497E-A0D7-5EB594FF2F81;AC8EF05E-FA77-4071-9201-0232A27BDD00
004132751;584F367F-5D15-4195-9A9F-254B57EC3385;AC8EF05E-FA77-4071-9201-0232A27BDD00
004132785;C172AC4B-6FE7-4BE3-A293-E506661A052A;AC8EF05E-FA77-4071-9201-0232A27BDD00
004132786;B56FC600-1E34-496E-8E24-6A4087505623;AC8EF05E-FA77-4071-9201-0232A27BDD00
004132824;23FFD0F8-E043-499B-93B7-70C17B25354B;AC8EF05E-FA77-4071-9201-0232A27BDD00
004132832;6D499C31-FA2F-4CD8-814A-8A0E1D959DA8;AC8EF05E-FA77-4071-9201-0232A27BDD00
004132881;C7951BDF-A6A8-4A65-B9B9-1DFF22955C1D;AC8EF05E-FA77-4071-9201-0232A27BDD00
004132882;18529552-E2ED-487E-BD14-30A58CD4D18E;AC8EF05E-FA77-4071-9201-0232A27BDD00
004132905;5A11EB23-87B4-4400-8F01-ABE526C7134B;AC8EF05E-FA77-4071-9201-0232A27BDD00
004132911;6853D1AF-1C40-4493-9863-CEF8E7AEE1A8;AC8EF05E-FA77-4071-9201-0232A27BDD00
004132930;AEF60962-9AF2-4613-A51D-06F7A2A6D73A;AC8EF05E-FA77-4071-9201-0232A27BDD00
004132932;4F865E4A-2B32-41CF-A552-1B4941A03DAE;AC8EF05E-FA77-4071-9201-0232A27BDD00
004132939;2EA94B54-A617-46F2-8D77-456794EE5559;AC8EF05E-FA77-4071-9201-0232A27BDD00
004132940;93132BAC-3B91-47D7-A0A2-23BA96576CA8;AC8EF05E-FA77-4071-9201-0232A27BDD00
004132959;FCD5E1A2-541A-4791-B224-090DFD352580;AC8EF05E-FA77-4071-9201-0232A27BDD00
004132960;559B4ECE-0272-47C6-9853-397A245508A0;AC8EF05E-FA77-4071-9201-0232A27BDD00
004132979;03654A32-3FF0-4561-87B3-CC5973EC9689;AC8EF05E-FA77-4071-9201-0232A27BDD00
004133237;CA6DBA32-8130-4662-B620-EEC9668B1827;AC8EF05E-FA77-4071-9201-0232A27BDD00
004133251;9F31FBFF-8F1E-4E78-98B9-E10F0BC50A60;AC8EF05E-FA77-4071-9201-0232A27BDD00
004133266;31BE4A58-28BE-436A-8D68-BCC5D94891C6;AC8EF05E-FA77-4071-9201-0232A27BDD00
004133279;EA7714E2-1CFD-453E-9A51-54A5373C31F9;AC8EF05E-FA77-4071-9201-0232A27BDD00
004133290;C0C929E3-5577-445D-8228-59407E5C558C;AC8EF05E-FA77-4071-9201-0232A27BDD00
004133303;8C35882F-FEC6-428A-98CA-48AADF7406AC;AC8EF05E-FA77-4071-9201-0232A27BDD00
004134130;75AEA379-DB03-4F3D-83B1-73E2436409D2;AC8EF05E-FA77-4071-9201-0232A27BDD00
004134131;ABEF639F-F530-4FB2-A351-751DA2333F32;AC8EF05E-FA77-4071-9201-0232A27BDD00
004134145;9CBBE0BE-AF95-4C58-A945-E3EEAC3E8042;AC8EF05E-FA77-4071-9201-0232A27BDD00
004134155;D7914DA6-0526-4CA9-A3F8-D51DFDAD96C7;AC8EF05E-FA77-4071-9201-0232A27BDD00
004134184;6926D64F-3D54-4BA2-A8B0-B1C2C7F50BA4;AC8EF05E-FA77-4071-9201-0232A27BDD00
004134191;5C2557D8-5115-4F00-9BE9-74551E49ED2A;AC8EF05E-FA77-4071-9201-0232A27BDD00
004134207;64B09796-45E1-4182-AEA3-DB00A5C74F7E;AC8EF05E-FA77-4071-9201-0232A27BDD00
004134213;BDAEBE35-E6CE-4C7C-AF2B-78281D8D8F1C;AC8EF05E-FA77-4071-9201-0232A27BDD00
004134236;A8FA2A3A-DB0C-408A-ADF8-EF28AF99B432;AC8EF05E-FA77-4071-9201-0232A27BDD00
004134255;79AD09ED-4DF2-498A-B7B9-0A8B62E472D5;AC8EF05E-FA77-4071-9201-0232A27BDD00
004134261;2C1FADB0-1DE5-4B54-970C-7FEB2D3A2E81;AC8EF05E-FA77-4071-9201-0232A27BDD00
004134268;61502C6B-4A74-42F7-BF77-AFD2EC054BE8;AC8EF05E-FA77-4071-9201-0232A27BDD00
004134276;95437057-D863-411C-B75C-4069ABD98B57;AC8EF05E-FA77-4071-9201-0232A27BDD00
004134278;BB7BA88C-64BA-4F54-A3D1-11BEA6949F89;AC8EF05E-FA77-4071-9201-0232A27BDD00
004134288;73F4D178-FDFC-4952-89F2-C78BAA8E913E;AC8EF05E-FA77-4071-9201-0232A27BDD00
004134296;07124135-BFC2-4EB5-B34D-81CA693C5E40;AC8EF05E-FA77-4071-9201-0232A27BDD00
004134305;9C035D98-7B78-4C98-B98C-43F7EF47BAEA;AC8EF05E-FA77-4071-9201-0232A27BDD00
004134312;6B98DA35-BDEC-442D-B35F-FCA28C46D92D;AC8EF05E-FA77-4071-9201-0232A27BDD00
004134319;5F548B61-7A0F-439C-BD78-586398D53AC2;AC8EF05E-FA77-4071-9201-0232A27BDD00
004134324;D865B96F-60DF-41DD-9F37-FB793808FA53;AC8EF05E-FA77-4071-9201-0232A27BDD00
004134325;5F02B7A6-C5DB-4491-B4BC-7F81C1BEE9CC;AC8EF05E-FA77-4071-9201-0232A27BDD00
004134337;F05368DE-F9A7-430B-9475-CD19C626637A;AC8EF05E-FA77-4071-9201-0232A27BDD00
004134369;6EC08903-F139-4A6F-94A9-EEC46B46CBA0;AC8EF05E-FA77-4071-9201-0232A27BDD00
004134387;903B0FC9-F1C6-4623-A0AF-D3D4D655A031;AC8EF05E-FA77-4071-9201-0232A27BDD00
004134409;F1185296-E9D0-48CA-8221-56215D16812D;AC8EF05E-FA77-4071-9201-0232A27BDD00
004135142;3BE0BD3E-948A-4A51-A69C-5FBBA109E419;AC8EF05E-FA77-4071-9201-0232A27BDD00
004135143;E1553B83-7E69-441D-A19D-1CDA421DF72D;AC8EF05E-FA77-4071-9201-0232A27BDD00
004135180;06CBFFB6-6058-4CDD-ACE6-2449CA5634E1;AC8EF05E-FA77-4071-9201-0232A27BDD00
004135182;71C0F760-9A74-4A0E-BE17-170ECC823B80;AC8EF05E-FA77-4071-9201-0232A27BDD00
004135210;6642E69E-F76A-4C29-A618-E82BE7658490;AC8EF05E-FA77-4071-9201-0232A27BDD00
004135213;361446AE-B163-46FB-A8CB-F10B16479A9A;AC8EF05E-FA77-4071-9201-0232A27BDD00
004135260;DC726AD7-6FB6-47EF-BD97-4427A0F7E3CB;AC8EF05E-FA77-4071-9201-0232A27BDD00
004135264;A805F5F9-3B3B-4E85-AC55-F1E5B1371A20;AC8EF05E-FA77-4071-9201-0232A27BDD00
004135295;2C37C56D-FD86-4CB9-8A3F-8DC49F3C62C1;AC8EF05E-FA77-4071-9201-0232A27BDD00
004135297;000A5330-6F0D-4192-BE6E-45E2007395E1;AC8EF05E-FA77-4071-9201-0232A27BDD00
004135310;BEE0F0DD-92F3-4D2F-8F6C-5EDAAE43DF59;AC8EF05E-FA77-4071-9201-0232A27BDD00
004135313;11CE63FA-7E69-404F-82E2-F5541E9B4E2D;AC8EF05E-FA77-4071-9201-0232A27BDD00
004135326;B0006A13-DB77-40D5-8FF8-F1767AC503AF;AC8EF05E-FA77-4071-9201-0232A27BDD00
004135347;A7544CD0-D6C0-4AF5-AC18-67A87D5AC72F;AC8EF05E-FA77-4071-9201-0232A27BDD00
004135358;F554A7C5-3F90-4987-9B63-99D911CDEC15;AC8EF05E-FA77-4071-9201-0232A27BDD00
004135388;95E0B05A-F180-42D6-B6A7-2F85DC4F27C5;AC8EF05E-FA77-4071-9201-0232A27BDD00
004135413;B4C689E7-A5C8-4AEA-9F8B-D18612B016A0;AC8EF05E-FA77-4071-9201-0232A27BDD00
004135440;C9F13AF6-ED4F-4570-BD6B-4C2D18411074;AC8EF05E-FA77-4071-9201-0232A27BDD00
004135500;DD8E8587-3C1F-4C9A-8DA6-55964DC21DC3;AC8EF05E-FA77-4071-9201-0232A27BDD00
004135515;D3F16513-0846-4C71-8735-AFD238377739;AC8EF05E-FA77-4071-9201-0232A27BDD00
004135533;74DD6949-C214-4AD7-9304-E8DA70E65942;AC8EF05E-FA77-4071-9201-0232A27BDD00
004135534;EFDEECAA-18BC-437A-9CB0-D8B56BEAFDE4;AC8EF05E-FA77-4071-9201-0232A27BDD00
004135535;167EE352-52CB-4E0D-B4CE-775BF6B39A46;AC8EF05E-FA77-4071-9201-0232A27BDD00
004136989;7DB1F4C9-6276-42AA-9E0A-6BE5A542F8E7;AC8EF05E-FA77-4071-9201-0232A27BDD00
004136990;C6ACD647-CB26-4E06-B8F6-7EEAEBF1F8AE;AC8EF05E-FA77-4071-9201-0232A27BDD00
004137001;90DCDB51-A95D-49E8-A7D0-A1E841277C12;AC8EF05E-FA77-4071-9201-0232A27BDD00
004137013;492EC04F-E4E8-4E33-B786-94032D91270B;AC8EF05E-FA77-4071-9201-0232A27BDD00
004137029;C5226A9E-2CBC-4134-8A5F-15FD10EB0C1A;AC8EF05E-FA77-4071-9201-0232A27BDD00
004137049;8ACAA892-350C-4D8D-9209-1EE166D75B7B;AC8EF05E-FA77-4071-9201-0232A27BDD00
004137070;F66A189C-F99E-4203-B0C9-C4B6FBD5E592;AC8EF05E-FA77-4071-9201-0232A27BDD00
004137099;D0E1F047-9FBE-455E-ABB8-5C4D370635A1;AC8EF05E-FA77-4071-9201-0232A27BDD00
004137100;9A07E0CF-E51B-4085-8545-F30268950E06;AC8EF05E-FA77-4071-9201-0232A27BDD00
004137137;9A3E5150-66C6-4A5A-88AC-7465E1064741;AC8EF05E-FA77-4071-9201-0232A27BDD00
004137145;3D54A640-3733-489A-AECB-BAE2C5278339;AC8EF05E-FA77-4071-9201-0232A27BDD00
004137158;5B94F52B-09F6-4708-9F02-D14EF9079284;AC8EF05E-FA77-4071-9201-0232A27BDD00
004137174;DBC9C0F2-E7C6-4A66-A4DA-E826EE0005D5;AC8EF05E-FA77-4071-9201-0232A27BDD00
004137197;564A5A63-45EF-4D66-89E5-A67AD2C0A535;AC8EF05E-FA77-4071-9201-0232A27BDD00
004137482;B60B050F-45A2-4789-B941-4D59443FFFDF;AC8EF05E-FA77-4071-9201-0232A27BDD00
004137483;F14D3431-4000-48A3-9952-4713FCE2E2D5;AC8EF05E-FA77-4071-9201-0232A27BDD00
004137504;C344A2A4-1F50-4EC1-8C85-D9A182E49B84;AC8EF05E-FA77-4071-9201-0232A27BDD00
004137505;D16D6A90-4347-4F34-AA06-7B17A0CE2D45;AC8EF05E-FA77-4071-9201-0232A27BDD00
004137527;686E233F-6E5B-40D6-860C-24C6D906C748;AC8EF05E-FA77-4071-9201-0232A27BDD00
004137541;B70E1C45-0EC2-45D3-8ADB-B4E1820C5584;AC8EF05E-FA77-4071-9201-0232A27BDD00
004137549;C220C9A7-ED1F-4B58-866A-22606984C503;AC8EF05E-FA77-4071-9201-0232A27BDD00
004137560;B9BD3987-EB3A-48B9-A5C8-785629910DBD;AC8EF05E-FA77-4071-9201-0232A27BDD00
004137567;29A67547-AF2B-4409-8E5A-51459E44E563;AC8EF05E-FA77-4071-9201-0232A27BDD00
004137577;939F1041-53A4-4606-9130-63E48D1AC634;AC8EF05E-FA77-4071-9201-0232A27BDD00
004137583;B4464406-50D2-4A7F-85EA-717B55A3FA44;AC8EF05E-FA77-4071-9201-0232A27BDD00
004137598;A9A38942-7E0B-4EF7-96E0-A938B1F61572;AC8EF05E-FA77-4071-9201-0232A27BDD00
004137599;1D42AF71-F3A3-4480-9E85-CCBC32133691;AC8EF05E-FA77-4071-9201-0232A27BDD00
004137611;B7A08147-302B-4FE1-8E04-ED2663A54395;AC8EF05E-FA77-4071-9201-0232A27BDD00
004137615;08E3520F-BC8D-49EC-B093-5911F2151765;AC8EF05E-FA77-4071-9201-0232A27BDD00
004137625;0C1BC699-95E6-4420-8BC7-D295CA69F2F0;AC8EF05E-FA77-4071-9201-0232A27BDD00
004137633;CDEEF7C6-3051-44DE-B6CF-ECD6C821AE70;AC8EF05E-FA77-4071-9201-0232A27BDD00
004137660;21CF4629-8D94-4F33-959B-4F29BDF6DA11;AC8EF05E-FA77-4071-9201-0232A27BDD00
004137671;9F50E996-266C-492C-9C27-A91884EB5E2E;AC8EF05E-FA77-4071-9201-0232A27BDD00
004137692;D5779BE7-DFCC-459D-A184-8E4A37109CED;AC8EF05E-FA77-4071-9201-0232A27BDD00
004137695;D03CAD6E-A1F8-425A-B7DF-55BF7C0AA1C3;AC8EF05E-FA77-4071-9201-0232A27BDD00
004137702;A7A47E34-8A96-4765-97B1-0F0B7DADD24C;AC8EF05E-FA77-4071-9201-0232A27BDD00
004137712;B4DCED68-CF43-4B76-A7CC-4E97B0200431;AC8EF05E-FA77-4071-9201-0232A27BDD00
004137719;2A98F72F-6DB6-4E81-A435-B67D752D4CD4;AC8EF05E-FA77-4071-9201-0232A27BDD00
004137720;57579542-DED3-4B50-B374-7BF94CBD40B7;AC8EF05E-FA77-4071-9201-0232A27BDD00
004137727;DB6D3FB6-7A7B-4AD7-8D53-0EB686C3A7BF;AC8EF05E-FA77-4071-9201-0232A27BDD00
004138733;C6A5E925-B5F8-4C63-9AEC-E966EA450143;AC8EF05E-FA77-4071-9201-0232A27BDD00
004138734;325E964D-4040-436D-BD21-27F305883064;AC8EF05E-FA77-4071-9201-0232A27BDD00
004138776;4DB6A033-FB2E-48DD-AE23-8186A5E8167D;AC8EF05E-FA77-4071-9201-0232A27BDD00
004138781;852E065E-8B2C-4596-AFAF-4E5C30D320A9;AC8EF05E-FA77-4071-9201-0232A27BDD00
004138786;DE35A9BA-7DDA-47A1-AD6F-F0B37DA4E923;AC8EF05E-FA77-4071-9201-0232A27BDD00
004138792;B65A027F-2D59-40C9-9654-C19259D58EFB;AC8EF05E-FA77-4071-9201-0232A27BDD00
004138794;19041315-0227-4049-A3A5-554898284019;AC8EF05E-FA77-4071-9201-0232A27BDD00
004138828;2309F221-1B1C-46FD-82B5-088EDB1E9137;AC8EF05E-FA77-4071-9201-0232A27BDD00
004138832;37CC5D48-331A-46F7-903B-CEB1191EE91D;AC8EF05E-FA77-4071-9201-0232A27BDD00
004138849;F593577C-810B-4DB6-B716-B0E650FB9D57;AC8EF05E-FA77-4071-9201-0232A27BDD00
004138859;27CFB5B0-36E5-4A2B-8080-1DFE8FE86E0D;AC8EF05E-FA77-4071-9201-0232A27BDD00
004138874;0A865D22-838D-4A4C-9C67-BCBD5445F140;AC8EF05E-FA77-4071-9201-0232A27BDD00
004138879;A9E36507-56A4-494F-BD22-FC766DA28520;AC8EF05E-FA77-4071-9201-0232A27BDD00
004138895;A39C3C96-700A-447B-8B02-DF690B2EBC43;AC8EF05E-FA77-4071-9201-0232A27BDD00
004138901;849F0F46-FC5E-40E9-B2F6-77717A4EB949;AC8EF05E-FA77-4071-9201-0232A27BDD00
004138906;EB4AF329-3D49-40BF-A1B0-513620A52369;AC8EF05E-FA77-4071-9201-0232A27BDD00
004138915;6E01028E-49D8-496B-B1F5-444AFFBBD999;AC8EF05E-FA77-4071-9201-0232A27BDD00
004138923;BEDD4471-967D-4900-A273-5F2A0B929641;AC8EF05E-FA77-4071-9201-0232A27BDD00
004138933;8274B1F9-F655-419C-81B4-EAC5397645EA;AC8EF05E-FA77-4071-9201-0232A27BDD00
004138941;29CF7183-4C09-4481-BE0C-786383578651;AC8EF05E-FA77-4071-9201-0232A27BDD00
004138949;41F5E905-E098-48AF-BD81-31F9E811B175;AC8EF05E-FA77-4071-9201-0232A27BDD00
004138952;53A589FC-AAF8-478A-9C61-6E1FF2363B89;AC8EF05E-FA77-4071-9201-0232A27BDD00
004138966;4ACDA357-2C36-4A85-B2EE-AA96E970428E;AC8EF05E-FA77-4071-9201-0232A27BDD00
004138969;D3E0F5FB-B693-423C-BBFD-5BF7FFC3827D;AC8EF05E-FA77-4071-9201-0232A27BDD00
004138978;BF362C20-C59C-4E91-88FF-A202FBA5EC3F;AC8EF05E-FA77-4071-9201-0232A27BDD00
004138982;DDC8AEFD-0A4B-4EC9-B71B-3AB689DEBEC4;AC8EF05E-FA77-4071-9201-0232A27BDD00
004138985;3C64BAE9-E056-4E04-B4D4-FAE379F388D0;AC8EF05E-FA77-4071-9201-0232A27BDD00
004138989;713EA8AB-A001-46D4-8AA7-5BA0032EA679;AC8EF05E-FA77-4071-9201-0232A27BDD00
004138993;E31AEBF5-8076-4232-9B66-61D0647E219C;AC8EF05E-FA77-4071-9201-0232A27BDD00
004138996;C1759E34-1B5A-41D3-8BDC-DF06522F7964;AC8EF05E-FA77-4071-9201-0232A27BDD00
004138999;60784B04-E81E-4124-9A17-650C0D977CB4;AC8EF05E-FA77-4071-9201-0232A27BDD00
004139445;504D66AB-F938-4104-A536-5EAC14E61FCE;AC8EF05E-FA77-4071-9201-0232A27BDD00
004139446;BA43DAA1-5803-4E06-ACCD-F8E4418F869A;AC8EF05E-FA77-4071-9201-0232A27BDD00
004139471;259A1C25-CF36-4BC8-84FB-B8FE63A6E43A;AC8EF05E-FA77-4071-9201-0232A27BDD00
004139483;D6BCA7BB-366C-42C5-A0B8-E048A973CB7B;AC8EF05E-FA77-4071-9201-0232A27BDD00
004139495;091B907E-A462-4601-9EA8-BB214E8183B7;AC8EF05E-FA77-4071-9201-0232A27BDD00
004139518;C3D7B2E4-A547-4372-B45B-E284D0C74BA9;AC8EF05E-FA77-4071-9201-0232A27BDD00
004139531;CB4592C6-0A0C-421B-BFDF-DBF3517E7167;AC8EF05E-FA77-4071-9201-0232A27BDD00
004139545;447AC39A-A6A2-4C1E-95F8-1F0E9D18D825;AC8EF05E-FA77-4071-9201-0232A27BDD00
004139547;6A289A31-EB2B-4C6B-A26A-16E35FC74F85;AC8EF05E-FA77-4071-9201-0232A27BDD00
004139594;DCF58355-8A16-4F39-9800-FAF8E9881B38;AC8EF05E-FA77-4071-9201-0232A27BDD00
004139595;9FA30480-3E8F-4B27-9053-47BFDB51B271;AC8EF05E-FA77-4071-9201-0232A27BDD00
004139598;0BA056E4-7E17-404F-BBC7-C1AEDA2859D2;AC8EF05E-FA77-4071-9201-0232A27BDD00
004139621;9F81CB52-8A96-457F-8E70-DDC34B8C4617;AC8EF05E-FA77-4071-9201-0232A27BDD00
004139633;93CC03C4-A33A-4BD7-905F-500DFDC74DA0;AC8EF05E-FA77-4071-9201-0232A27BDD00
004139647;293E7AAD-7B8B-45E8-85A1-437DE8E750E8;AC8EF05E-FA77-4071-9201-0232A27BDD00
004139691;FFCD30BC-40B6-4E03-96A5-0B39755DFD8C;AC8EF05E-FA77-4071-9201-0232A27BDD00
004139692;F22BED68-13F7-4502-9EA4-3F37B535D072;AC8EF05E-FA77-4071-9201-0232A27BDD00
004139707;5C9E0A18-ADA4-40AD-A95C-9828BF57E6DA;AC8EF05E-FA77-4071-9201-0232A27BDD00
004139708;DD0ECCAD-5A48-40A2-9C29-9527C715673A;AC8EF05E-FA77-4071-9201-0232A27BDD00
004139718;BC82B8A0-D0F8-401A-9478-34E15E4F0BEF;AC8EF05E-FA77-4071-9201-0232A27BDD00
004139721;EEC62778-57AC-463B-B220-58D8DA989088;AC8EF05E-FA77-4071-9201-0232A27BDD00
004139729;BECAAA2F-5DC5-4834-B9A6-8C0D7DC745F0;AC8EF05E-FA77-4071-9201-0232A27BDD00
004139733;3AF00906-6B01-46AC-9059-A5E71D535D27;AC8EF05E-FA77-4071-9201-0232A27BDD00
004139735;4775034D-273E-4999-93CE-3C0C71BC476D;AC8EF05E-FA77-4071-9201-0232A27BDD00
004139746;3CAF39DF-BA29-450E-A155-D0BCCC4EB88F;AC8EF05E-FA77-4071-9201-0232A27BDD00
004139754;88B5C641-81FD-426E-9316-45D6A4174467;AC8EF05E-FA77-4071-9201-0232A27BDD00
004139763;433DF4B0-2217-4833-BBCD-9D75F080DA1A;AC8EF05E-FA77-4071-9201-0232A27BDD00
004139772;43B42BB2-D3C8-4F97-A880-71CF5A08AD88;AC8EF05E-FA77-4071-9201-0232A27BDD00
004143882;B1A0F336-03C4-47B9-956F-839D2B619FCD;AC8EF05E-FA77-4071-9201-0232A27BDD00
004143883;4B0D479C-A224-4F85-BC33-48F92EC5DCAC;AC8EF05E-FA77-4071-9201-0232A27BDD00
004143886;3EBC9166-0DAC-4614-8509-A963482D07AA;AC8EF05E-FA77-4071-9201-0232A27BDD00
004143887;F953091B-904C-4254-AC10-C893949CB69C;AC8EF05E-FA77-4071-9201-0232A27BDD00
004143893;15A46990-571F-4BE3-BC83-4861CCE115E7;AC8EF05E-FA77-4071-9201-0232A27BDD00
004143895;48E6839B-000E-4BA0-8EF1-167BA1CB01E8;AC8EF05E-FA77-4071-9201-0232A27BDD00
004143896;BB569E55-6639-4406-9269-08D84BD45783;AC8EF05E-FA77-4071-9201-0232A27BDD00
004143901;29389D4B-7D28-467F-B3B4-4EB35BCDC5BB;AC8EF05E-FA77-4071-9201-0232A27BDD00
004143903;51A741EE-0BE1-45D0-86AE-3677F4419EE4;AC8EF05E-FA77-4071-9201-0232A27BDD00
004143907;FE3470CF-E983-4E28-9B20-DC6754C56D21;AC8EF05E-FA77-4071-9201-0232A27BDD00
004143916;97AA1D23-076A-4065-94B9-199D3EF2E093;AC8EF05E-FA77-4071-9201-0232A27BDD00
004143917;1DC6CD49-9D32-46A8-8078-C72C5DD2885A;AC8EF05E-FA77-4071-9201-0232A27BDD00
004143924;F1C64FF7-A20B-4D10-8701-A727E3088F76;AC8EF05E-FA77-4071-9201-0232A27BDD00
004143925;E573D408-B0D5-4B85-ADF2-2290C2230911;AC8EF05E-FA77-4071-9201-0232A27BDD00
004143932;2796F115-11D8-4DC7-A182-255C2578969C;AC8EF05E-FA77-4071-9201-0232A27BDD00
004143941;359B85B7-1417-466E-9A7A-CA10C32E7783;AC8EF05E-FA77-4071-9201-0232A27BDD00
004143942;355C3B2C-6FA3-4AA7-9AE0-383136E7D7DE;AC8EF05E-FA77-4071-9201-0232A27BDD00
004143950;3E9927C2-1231-4BF8-BE2B-981C9239C68E;AC8EF05E-FA77-4071-9201-0232A27BDD00
004143952;786D53DE-9E50-4478-B088-8F77A99D1150;AC8EF05E-FA77-4071-9201-0232A27BDD00
004143965;C792408C-DB82-4F01-82D3-FE45EAB7ACCA;AC8EF05E-FA77-4071-9201-0232A27BDD00
004143968;2E4C3E0E-9A38-4B88-83BF-7A8F8536433E;AC8EF05E-FA77-4071-9201-0232A27BDD00
004143970;83249194-D89F-4008-9FB7-823343F201BD;AC8EF05E-FA77-4071-9201-0232A27BDD00
004143979;86BB45F3-0081-42E3-A06E-0D013AF701F7;AC8EF05E-FA77-4071-9201-0232A27BDD00
004143981;2F51A1B6-6CD7-4B48-8142-96C2867C83B5;AC8EF05E-FA77-4071-9201-0232A27BDD00
004143982;DC431DD1-6A8A-45C2-94B6-541AC89131AC;AC8EF05E-FA77-4071-9201-0232A27BDD00
004143988;682F01D3-6641-44C8-ABBE-9B013837D4BB;AC8EF05E-FA77-4071-9201-0232A27BDD00
004143989;C8EB6781-86AF-4B61-BAF8-557F0C3C8C29;AC8EF05E-FA77-4071-9201-0232A27BDD00
004143993;C0006894-ACA5-4604-B49A-355EB9634AE4;AC8EF05E-FA77-4071-9201-0232A27BDD00
004143994;109F0858-5554-4D9C-99E9-E9D82C03913C;AC8EF05E-FA77-4071-9201-0232A27BDD00
004143999;350F5E77-97BB-4F7E-9AC2-B11A0ABE25C6;AC8EF05E-FA77-4071-9201-0232A27BDD00
004144004;FDEE0C94-2922-4416-8D18-6E567BB78F68;AC8EF05E-FA77-4071-9201-0232A27BDD00
004144010;640DE85A-6809-4640-A6AB-79A9297D7517;AC8EF05E-FA77-4071-9201-0232A27BDD00
004144013;2F77AEC6-4E92-43A5-9027-EEEA76EC23A5;AC8EF05E-FA77-4071-9201-0232A27BDD00
004144019;854B2E13-3680-40A5-AC49-F4E86AC2D590;AC8EF05E-FA77-4071-9201-0232A27BDD00
004144039;2EB0F7CA-9168-4E47-8955-E9B1560851F0;AC8EF05E-FA77-4071-9201-0232A27BDD00
004144115;325E8A07-165D-4909-BDDE-B65EFF1932C3;AC8EF05E-FA77-4071-9201-0232A27BDD00
004144116;530EBB16-66F0-4A41-B829-29786D0125EE;AC8EF05E-FA77-4071-9201-0232A27BDD00
004144117;B4979DF1-282C-437E-AB6D-22A4C84F7AAC;AC8EF05E-FA77-4071-9201-0232A27BDD00
004144122;83FC8551-3712-4FDB-A7F4-D2BD0F754342;AC8EF05E-FA77-4071-9201-0232A27BDD00
004144133;9F8DC76B-367D-4396-8365-DE63FA59D50C;AC8EF05E-FA77-4071-9201-0232A27BDD00
004144134;97918C0B-1AE6-43EF-92C1-CE4A2C16E789;AC8EF05E-FA77-4071-9201-0232A27BDD00
004144136;20AFA5E9-79DB-49C6-8632-BAF05C99CF30;AC8EF05E-FA77-4071-9201-0232A27BDD00
004144137;F6FF3D4A-197E-447C-84B7-54BD346A9887;AC8EF05E-FA77-4071-9201-0232A27BDD00
004144146;F84FD5A5-9AD1-4A86-812F-BD3421AA9119;AC8EF05E-FA77-4071-9201-0232A27BDD00
004144148;FD8AB79A-8DF6-4860-BEC6-875175405D29;AC8EF05E-FA77-4071-9201-0232A27BDD00
004144150;C76664D5-14A1-4900-B82C-D06897871BE1;AC8EF05E-FA77-4071-9201-0232A27BDD00
004144153;17AABEE6-C1DC-4B0A-B397-0DBBDE80CA70;AC8EF05E-FA77-4071-9201-0232A27BDD00
004144157;7EF81179-7B5F-4B29-B37C-6ACF5197DC92;AC8EF05E-FA77-4071-9201-0232A27BDD00
004144160;4F02D627-E585-4904-B6DF-838A555A9974;AC8EF05E-FA77-4071-9201-0232A27BDD00
004144164;598A3C5E-2A96-44DD-B01F-575F12216BA5;AC8EF05E-FA77-4071-9201-0232A27BDD00
004144166;72D41A75-0C85-4F17-8F96-2B2B0D9AB4CF;AC8EF05E-FA77-4071-9201-0232A27BDD00
004144170;C18B335B-BB97-4EEC-9E20-30B036037DAC;AC8EF05E-FA77-4071-9201-0232A27BDD00
004144172;1FA57861-5CDB-4428-ABDC-673EA307B208;AC8EF05E-FA77-4071-9201-0232A27BDD00
004144180;977BCB21-E1A9-4CB0-AD6A-4BEA52CC638F;AC8EF05E-FA77-4071-9201-0232A27BDD00
004144182;31E3C04D-482B-4962-90E0-4E8CD30BF5F2;AC8EF05E-FA77-4071-9201-0232A27BDD00
004144183;86F4D164-671F-4A06-BBCF-FA5E00DE2C98;AC8EF05E-FA77-4071-9201-0232A27BDD00
004144184;59A22025-8D61-4D04-BFDE-7429D0D1B493;AC8EF05E-FA77-4071-9201-0232A27BDD00
004144193;EF797A29-BEAE-4B85-A081-BCD7475CC8A1;AC8EF05E-FA77-4071-9201-0232A27BDD00
004144196;0DCFEFAE-CE3E-41F9-87EE-05FE42C4EA36;AC8EF05E-FA77-4071-9201-0232A27BDD00
004144197;997A72B7-0BA6-40DD-8E6A-DC8ED9632986;AC8EF05E-FA77-4071-9201-0232A27BDD00
004144199;C4DBEA3E-A7C9-49E1-94B7-590CD238F759;AC8EF05E-FA77-4071-9201-0232A27BDD00
004144205;E321736E-BA5C-4127-BC6A-019B6B78540F;AC8EF05E-FA77-4071-9201-0232A27BDD00
004144206;AB4F24C4-1D53-4E45-80BD-0788E99DEE3C;AC8EF05E-FA77-4071-9201-0232A27BDD00
004144208;7736BEBB-586F-4E76-9CCA-E5F2524AEF11;AC8EF05E-FA77-4071-9201-0232A27BDD00
004144209;17F0CD80-7ACB-4050-9F44-7F7C9AB8FA14;AC8EF05E-FA77-4071-9201-0232A27BDD00
004144210;6A21DEE2-1E9B-463D-957A-986964EA431F;AC8EF05E-FA77-4071-9201-0232A27BDD00
004144211;66F56357-8CDA-409C-BC1A-10D2F4A11685;AC8EF05E-FA77-4071-9201-0232A27BDD00
004144212;0ECADA6A-794B-4424-9468-2D682E7788B2;AC8EF05E-FA77-4071-9201-0232A27BDD00
004144213;56BA54D7-D2D8-4B3F-A0EB-570C20E9839B;AC8EF05E-FA77-4071-9201-0232A27BDD00
004144214;5C2DAA35-7BE3-4F0B-B6CF-81B7F3A434EE;AC8EF05E-FA77-4071-9201-0232A27BDD00
004144215;79CD12B2-1A14-497F-93A0-1ADC0040F4A1;AC8EF05E-FA77-4071-9201-0232A27BDD00
004144216;0A4F6BA1-B357-46BE-BCCB-5E17939D7B2E;AC8EF05E-FA77-4071-9201-0232A27BDD00
004144217;68996643-881A-43D2-AC00-A9BB6FF66C21;AC8EF05E-FA77-4071-9201-0232A27BDD00
004144218;EA0F1FD0-8A1F-4FF5-8D19-0D01AF75E7CA;AC8EF05E-FA77-4071-9201-0232A27BDD00
004144219;0D8A63EA-17BE-4795-A919-708928FFAA1C;AC8EF05E-FA77-4071-9201-0232A27BDD00
004144220;9F2E2B77-6FB5-416D-B94D-1D805B3117C3;AC8EF05E-FA77-4071-9201-0232A27BDD00
004144221;09E3970A-019F-4319-ADB9-A936F6B910E8;AC8EF05E-FA77-4071-9201-0232A27BDD00
004144222;78C1B4BC-68CF-4C39-9D63-78AF02186531;AC8EF05E-FA77-4071-9201-0232A27BDD00
004144223;485B09AE-A944-442A-9DE9-A33D111E8E87;AC8EF05E-FA77-4071-9201-0232A27BDD00
004144224;181E4BB3-81A9-4371-BD9D-78C7780814F0;AC8EF05E-FA77-4071-9201-0232A27BDD00
004144225;A613C819-85F5-4F53-968B-55B59B40AB83;AC8EF05E-FA77-4071-9201-0232A27BDD00
004144226;8BD5F6CE-94D8-4259-9B95-56DB79731480;AC8EF05E-FA77-4071-9201-0232A27BDD00
004144228;F33F418E-9F44-4B25-8A0C-0136E7CDD12B;AC8EF05E-FA77-4071-9201-0232A27BDD00
004144286;645C4718-90B0-4DB8-B369-3D0DC6B51738;AC8EF05E-FA77-4071-9201-0232A27BDD00
004144287;5B7C5E96-684E-416F-AF68-6AA45C222782;AC8EF05E-FA77-4071-9201-0232A27BDD00
004144288;BABBB6CF-184E-4F90-9D26-67C0A0967E3E;AC8EF05E-FA77-4071-9201-0232A27BDD00
004144316;8740960F-63BD-4457-B1F5-1F428C50C7EA;AC8EF05E-FA77-4071-9201-0232A27BDD00
004144322;6B9AA6CD-4790-4884-8229-0BD564E0C189;AC8EF05E-FA77-4071-9201-0232A27BDD00
004144330;222C0633-C2EA-4961-A763-BD22525FA3AD;AC8EF05E-FA77-4071-9201-0232A27BDD00
004144337;CE72987D-6B2D-4DC2-A6DF-554475C5524A;AC8EF05E-FA77-4071-9201-0232A27BDD00
004144342;60759F5F-B40B-4B26-849E-D913F8C72DAB;AC8EF05E-FA77-4071-9201-0232A27BDD00
004144359;EF446534-05BC-44A6-810F-1FE37A85B075;AC8EF05E-FA77-4071-9201-0232A27BDD00
004144362;0EA54909-8CCE-4DBF-BEA8-FD3D238BC3B1;AC8EF05E-FA77-4071-9201-0232A27BDD00
004144372;9DCE4FE4-C0E8-4200-ADA6-5567D55A92F9;AC8EF05E-FA77-4071-9201-0232A27BDD00
004144374;9A4FE1DC-1B7C-45C0-A8CF-5FB903689A6C;AC8EF05E-FA77-4071-9201-0232A27BDD00
004144377;ED0F5F58-423A-4E19-A1AC-A6097824D13E;AC8EF05E-FA77-4071-9201-0232A27BDD00
004144380;1203EE8F-DC33-49C4-A33E-20EA332EBC8C;AC8EF05E-FA77-4071-9201-0232A27BDD00
004144383;885815BB-15D9-479F-9566-3A9A22A9BF19;AC8EF05E-FA77-4071-9201-0232A27BDD00
004144388;FB6BA360-E9A5-4CA8-82C8-C474A93CB3F6;AC8EF05E-FA77-4071-9201-0232A27BDD00
004144470;DC5706E8-7327-4954-B335-1AF4BC7A84BF;AC8EF05E-FA77-4071-9201-0232A27BDD00
004144833;38F139E2-A0E8-4645-997D-5DB6A3263042;AC8EF05E-FA77-4071-9201-0232A27BDD00
004144834;613C58C1-4C14-40FC-963B-A444A52135D6;AC8EF05E-FA77-4071-9201-0232A27BDD00
004144847;7F05D311-E122-4C92-A569-E1FE5C35D91A;AC8EF05E-FA77-4071-9201-0232A27BDD00
004144855;2A95693E-3883-496F-A8D6-D3E79BC5FEA4;AC8EF05E-FA77-4071-9201-0232A27BDD00
004144859;097D857F-15F8-4B1F-8B10-DA112D51E36E;AC8EF05E-FA77-4071-9201-0232A27BDD00
004144875;38C8AF82-9ADE-4968-A4EC-C4C7BACA0541;AC8EF05E-FA77-4071-9201-0232A27BDD00
004144880;A4E64615-0EC6-4FF0-8ECE-C85E7A07A484;AC8EF05E-FA77-4071-9201-0232A27BDD00
004144888;1AE4B7EF-4946-4BE4-8C4B-23A1BDCEA70E;AC8EF05E-FA77-4071-9201-0232A27BDD00
004144890;2626AFB0-938F-4449-B83F-989DF06E7B42;AC8EF05E-FA77-4071-9201-0232A27BDD00
004144891;AC22FA53-BBC4-44D8-92EB-07E374D8FB3D;AC8EF05E-FA77-4071-9201-0232A27BDD00
004144894;E7C53D8F-49F6-4214-ABB7-6F3C7FB87B1A;AC8EF05E-FA77-4071-9201-0232A27BDD00
004144899;137D94EB-9D3A-4569-857E-04DC408F44A4;AC8EF05E-FA77-4071-9201-0232A27BDD00
004144904;7F46194F-CF7B-472C-AED9-76536CF2950B;AC8EF05E-FA77-4071-9201-0232A27BDD00
004144907;921FE4E6-AE29-42B1-84D7-EF323C7BF59A;AC8EF05E-FA77-4071-9201-0232A27BDD00
004144910;A34AB3C9-5B79-41CC-B778-CB6F65A249C6;AC8EF05E-FA77-4071-9201-0232A27BDD00
004144916;5EEA6A17-C28B-4571-94E6-3DE13E401DA3;AC8EF05E-FA77-4071-9201-0232A27BDD00
004145341;968B5713-E601-4FB9-9554-68D21D2D5408;AC8EF05E-FA77-4071-9201-0232A27BDD00
004145342;729FED6C-E947-488C-85D9-1D7A93CC6592;AC8EF05E-FA77-4071-9201-0232A27BDD00
004145452;87B96C89-7776-482A-BFE2-35DE1314D8A2;AC8EF05E-FA77-4071-9201-0232A27BDD00
004145453;3034AA1A-6F73-4B16-83AF-C5BB7178FF7A;AC8EF05E-FA77-4071-9201-0232A27BDD00
004145469;01ACFD7E-8F3B-4A3C-9DEA-9298D849E30C;AC8EF05E-FA77-4071-9201-0232A27BDD00
004145475;02155FE9-C779-4F9C-A88E-34246B6B76D7;AC8EF05E-FA77-4071-9201-0232A27BDD00
004145506;672FC60A-E996-495B-806C-4AF8871C374B;AC8EF05E-FA77-4071-9201-0232A27BDD00
004145511;30AA2F2A-F644-4878-9685-E4B70796CCCF;AC8EF05E-FA77-4071-9201-0232A27BDD00
004145537;943CCD3B-2DE3-45B5-A94C-7DCABCF23313;AC8EF05E-FA77-4071-9201-0232A27BDD00
004145559;1360266E-7F78-4555-91E7-A81B6994C527;AC8EF05E-FA77-4071-9201-0232A27BDD00
004145566;C7CB3C2D-EC47-42DA-9021-6CC6879276C3;AC8EF05E-FA77-4071-9201-0232A27BDD00
004146513;E0732B94-3DDC-46B5-A0D3-95F8CDF14889;AC8EF05E-FA77-4071-9201-0232A27BDD00
004148213;FFD9E6D9-F729-4285-B29F-551B161267B5;AC8EF05E-FA77-4071-9201-0232A27BDD00
004148215;E3B88021-B746-4662-A3AA-98551A10F11E;AC8EF05E-FA77-4071-9201-0232A27BDD00
004148281;A7CD1188-87F7-4B37-83F9-F865084FD587;AC8EF05E-FA77-4071-9201-0232A27BDD00
004148284;DE276E1E-C6A4-4BBD-BA48-4EDC634CF5D5;AC8EF05E-FA77-4071-9201-0232A27BDD00
004148312;FC300669-9BCD-405C-935A-08B185B97EDA;AC8EF05E-FA77-4071-9201-0232A27BDD00
004148321;AA65EABC-947E-4981-9812-F38D18460AEC;AC8EF05E-FA77-4071-9201-0232A27BDD00
004148342;BE97BCAA-5525-4355-A83A-C7876C9122FD;AC8EF05E-FA77-4071-9201-0232A27BDD00
004148352;774DDAD6-9B37-4DD7-B151-ACAA219DB40A;AC8EF05E-FA77-4071-9201-0232A27BDD00
004148378;FB218D03-BBEA-4EDC-BB86-808C70998AF8;AC8EF05E-FA77-4071-9201-0232A27BDD00
004148381;E3B33092-A44F-4245-B166-2D5BDFC6B03A;AC8EF05E-FA77-4071-9201-0232A27BDD00
004148412;F0CC1E5E-1EF6-44F2-BD0D-FAC5BC0FF746;AC8EF05E-FA77-4071-9201-0232A27BDD00
004148418;56EACC92-EF08-4C36-9189-0EE3B6884577;AC8EF05E-FA77-4071-9201-0232A27BDD00
004148441;961ED875-070B-46E4-9033-72FD1F0E064F;AC8EF05E-FA77-4071-9201-0232A27BDD00
004148450;77F61F92-D858-4C7D-BCDA-C9FCB4B43A40;AC8EF05E-FA77-4071-9201-0232A27BDD00
004148462;DBB2FF70-1F5C-4709-9C57-63400FDAFA5F;AC8EF05E-FA77-4071-9201-0232A27BDD00
004148476;65A6E57F-8449-4DCE-A18F-CB574F5FF7A9;AC8EF05E-FA77-4071-9201-0232A27BDD00
004148493;9ED404B5-DA02-4209-9B53-DE459AE30360;AC8EF05E-FA77-4071-9201-0232A27BDD00
004148505;3A53B4DF-42C5-46FE-B49A-51F887109877;AC8EF05E-FA77-4071-9201-0232A27BDD00
004148522;60D7FD47-5875-4981-A94E-2132CC3710FE;AC8EF05E-FA77-4071-9201-0232A27BDD00
004148535;5A335C50-A91E-4064-9EED-7C571F1E0D31;AC8EF05E-FA77-4071-9201-0232A27BDD00
004148552;1BF3D565-886A-4DE4-85F3-4CA7459BB281;AC8EF05E-FA77-4071-9201-0232A27BDD00
004150738;38776E63-D849-46E8-8480-4F581F4039BE;AC8EF05E-FA77-4071-9201-0232A27BDD00
004150739;5CB37A37-2795-484D-8703-D7C4A7533571;AC8EF05E-FA77-4071-9201-0232A27BDD00
004150779;471BDCE9-FB32-423F-AAB5-FE05177BFC2F;AC8EF05E-FA77-4071-9201-0232A27BDD00
004150781;7F3E4DA0-4733-4201-8FF2-4AD5EB75115E;AC8EF05E-FA77-4071-9201-0232A27BDD00
004150805;E5343C68-4A57-4E58-BCB3-300A6F673DB0;AC8EF05E-FA77-4071-9201-0232A27BDD00
004150809;0EAD1702-6F0F-4A19-8D82-0315EF915900;AC8EF05E-FA77-4071-9201-0232A27BDD00
004150821;F65BB598-BACA-4A84-BDC7-2E1A44B70DDD;AC8EF05E-FA77-4071-9201-0232A27BDD00
004150834;76803201-53E5-45A6-B7EE-AD69ACD18F75;AC8EF05E-FA77-4071-9201-0232A27BDD00
004150846;87C2322A-F967-47AB-9DD2-C8B63EFFE844;AC8EF05E-FA77-4071-9201-0232A27BDD00
004150860;A6066241-9350-4B15-B40E-9F903411E9D2;AC8EF05E-FA77-4071-9201-0232A27BDD00
004150864;EE4D35BD-5122-4C95-95F3-B7B5E133445A;AC8EF05E-FA77-4071-9201-0232A27BDD00
004150876;A1E70DE5-90A9-4C0F-9E9B-5B6AD2093234;AC8EF05E-FA77-4071-9201-0232A27BDD00
004150878;39F5CF8F-2EB8-4E06-86AD-F9A737FCCA55;AC8EF05E-FA77-4071-9201-0232A27BDD00
004150893;FB12D9C1-9592-4332-98CD-E097835B8BCD;AC8EF05E-FA77-4071-9201-0232A27BDD00
004150894;E5236539-4F4A-4274-B14F-F5EE40EE5433;AC8EF05E-FA77-4071-9201-0232A27BDD00
004150911;81B6ED10-309E-4FD0-935A-9315AC9B9F6A;AC8EF05E-FA77-4071-9201-0232A27BDD00
004150912;29E4A0BA-0A5C-42D1-A062-D93373098351;AC8EF05E-FA77-4071-9201-0232A27BDD00
004150930;15485C1B-12D9-408C-9E1A-2440C23561DF;AC8EF05E-FA77-4071-9201-0232A27BDD00
004150934;52F18344-4F21-4288-A314-2390B0B50DF0;AC8EF05E-FA77-4071-9201-0232A27BDD00
100224158;5FEE8777-61F8-44A9-AAC2-41F59EEF9F9A;8C6B4B27-B297-48F3-B421-0782811F823A
107021132;BAE20AE8-8428-47DF-BFCC-9DA18B88C678;7DE9853A-EBAC-4DB5-AD6C-0E06C4B3230C
107021133;E0752B9E-F7C2-4181-9480-1BCB1DD0F496;7DE9853A-EBAC-4DB5-AD6C-0E06C4B3230C
107021134;2840F913-743E-49B8-8192-45D3032A7954;7DE9853A-EBAC-4DB5-AD6C-0E06C4B3230C
107021135;096F28B5-CAB2-43B1-B78F-7B6161BFFAA2;7DE9853A-EBAC-4DB5-AD6C-0E06C4B3230C
107021136;2225DB60-DFA6-4119-A302-987D3FF0F2F8;7DE9853A-EBAC-4DB5-AD6C-0E06C4B3230C
107021137;0C916D20-55F5-4E88-AFEC-BDFAE27981CC;7DE9853A-EBAC-4DB5-AD6C-0E06C4B3230C
107021138;F563244B-278C-4E00-8DA7-45C270134013;7DE9853A-EBAC-4DB5-AD6C-0E06C4B3230C
107021139;09464387-4314-4A39-AB20-97A5BDEDCC43;7DE9853A-EBAC-4DB5-AD6C-0E06C4B3230C
107021140;B19EB702-CAFF-4F2D-934F-0921F3DABF03;7DE9853A-EBAC-4DB5-AD6C-0E06C4B3230C
107021141;4259610A-9693-4E59-B27D-EA9E0CBE6057;7DE9853A-EBAC-4DB5-AD6C-0E06C4B3230C
107021142;86D21AA9-63F5-417A-9712-FCFD89CAD438;7DE9853A-EBAC-4DB5-AD6C-0E06C4B3230C
107021143;A0435487-58E7-438A-8718-8CFFBD81F2EF;7DE9853A-EBAC-4DB5-AD6C-0E06C4B3230C
107021144;B4E144FC-5A3A-444D-8652-C1ADE4157015;7DE9853A-EBAC-4DB5-AD6C-0E06C4B3230C
107021145;6172FF65-2153-410D-BFDB-76AD6CA27136;7DE9853A-EBAC-4DB5-AD6C-0E06C4B3230C
107021146;31EFFBD8-9313-457B-A358-94679E771810;7DE9853A-EBAC-4DB5-AD6C-0E06C4B3230C
107021147;B1E107C7-0EE2-4C2D-A836-716AB3A78946;7DE9853A-EBAC-4DB5-AD6C-0E06C4B3230C
107021148;A146BAD8-04AA-4279-A3A4-198553C6CB72;7DE9853A-EBAC-4DB5-AD6C-0E06C4B3230C
107021149;B548CF23-6491-42C5-ACE8-74494C55D927;7DE9853A-EBAC-4DB5-AD6C-0E06C4B3230C
107021150;4C9295A8-FF81-4166-8004-B49E02C7E2E6;7DE9853A-EBAC-4DB5-AD6C-0E06C4B3230C
107021151;F975C97A-9726-4DB5-AD0C-3BC9EEAF9664;7DE9853A-EBAC-4DB5-AD6C-0E06C4B3230C
107021152;5A7B2596-7895-45C7-9E12-C4A5D17CF277;7DE9853A-EBAC-4DB5-AD6C-0E06C4B3230C
107021153;E86ED7FE-F8B6-41D4-87EF-5ABB2496AF96;7DE9853A-EBAC-4DB5-AD6C-0E06C4B3230C
107021154;7DE1FF81-2123-48BF-99C0-0A886D4238A9;7DE9853A-EBAC-4DB5-AD6C-0E06C4B3230C
107021155;ED17DEAC-FF23-4ECD-A41A-6E6FFEA67079;7DE9853A-EBAC-4DB5-AD6C-0E06C4B3230C
107021156;0563EE4B-B67B-429A-9667-F75BCC29523C;7DE9853A-EBAC-4DB5-AD6C-0E06C4B3230C
107021157;802ED9FE-E965-4C33-A034-C76745BBCFDB;7DE9853A-EBAC-4DB5-AD6C-0E06C4B3230C
107021158;5EA0D7FF-E5E4-4CBD-B1E7-250262E2FD86;7DE9853A-EBAC-4DB5-AD6C-0E06C4B3230C
107021159;9C08CC0A-6FBC-4B6C-B08E-082A8EF75584;7DE9853A-EBAC-4DB5-AD6C-0E06C4B3230C
107021160;D1D9E5F2-B9CF-47B7-9096-337ED8C9D024;7DE9853A-EBAC-4DB5-AD6C-0E06C4B3230C
107021430;DE83F934-2271-4FF5-9289-3A76CBD87116;7DE9853A-EBAC-4DB5-AD6C-0E06C4B3230C
107021431;F75A2818-48BC-44A2-82F1-65189B591EAA;7DE9853A-EBAC-4DB5-AD6C-0E06C4B3230C
107021432;FF24FEC6-6BC3-4DC2-8D96-D3CF84A31450;7DE9853A-EBAC-4DB5-AD6C-0E06C4B3230C
107021433;98DF786C-A07B-4B89-B5DA-0B579FE94324;7DE9853A-EBAC-4DB5-AD6C-0E06C4B3230C
107021434;716A964B-BD7F-457C-8BA8-2148CE6A5B3A;7DE9853A-EBAC-4DB5-AD6C-0E06C4B3230C
107021435;43C4E1A4-4F89-4962-9291-9B4146705282;7DE9853A-EBAC-4DB5-AD6C-0E06C4B3230C
107021436;5A299A32-38A0-4EDA-B9D9-EF11C07B5AB4;7DE9853A-EBAC-4DB5-AD6C-0E06C4B3230C
107021437;8791293D-9D02-442A-B5E6-23675C8E0779;7DE9853A-EBAC-4DB5-AD6C-0E06C4B3230C
107021438;5DB4B8A5-7C47-40EE-92FC-323647E098BA;7DE9853A-EBAC-4DB5-AD6C-0E06C4B3230C
107021439;F7021953-EB7A-4F97-8D4E-78EF98D9E381;7DE9853A-EBAC-4DB5-AD6C-0E06C4B3230C
107021440;E036BA01-927E-4A1F-A9BC-D3000197834D;7DE9853A-EBAC-4DB5-AD6C-0E06C4B3230C
107021441;13A68F96-494B-4E29-A3C4-38D1F6EECCDF;7DE9853A-EBAC-4DB5-AD6C-0E06C4B3230C
107021442;833BB019-5A92-4EF0-80FC-9AF60A3E1C32;7DE9853A-EBAC-4DB5-AD6C-0E06C4B3230C
107021443;68EA0317-2213-44EA-9121-57CE08504B44;7DE9853A-EBAC-4DB5-AD6C-0E06C4B3230C
107021444;EEC3F52B-825E-4475-8E0A-E2AB1877055A;7DE9853A-EBAC-4DB5-AD6C-0E06C4B3230C
107021445;B86E4339-E9A8-4AC2-9BD3-ACB0D605D214;7DE9853A-EBAC-4DB5-AD6C-0E06C4B3230C
107021446;25505921-19CA-4313-B09E-B3453F35CD85;7DE9853A-EBAC-4DB5-AD6C-0E06C4B3230C
107021447;04EEBE07-968F-45E0-8FAD-7809E1328FE3;7DE9853A-EBAC-4DB5-AD6C-0E06C4B3230C
107021448;2F23D6EB-ADE3-4F91-97F3-4BAE388DFBCE;7DE9853A-EBAC-4DB5-AD6C-0E06C4B3230C
107021449;6DFFDD2E-0D01-408D-905C-21A033E05DAF;7DE9853A-EBAC-4DB5-AD6C-0E06C4B3230C
107021450;7D8A6EA5-DF00-4091-BCD9-35AB85F6329D;7DE9853A-EBAC-4DB5-AD6C-0E06C4B3230C
107021451;E4DE0092-CCA8-4499-96CA-81F4691C254B;7DE9853A-EBAC-4DB5-AD6C-0E06C4B3230C
107021452;69774E95-21E5-43FF-836A-D7067BF1D475;7DE9853A-EBAC-4DB5-AD6C-0E06C4B3230C
107021453;8F562AC8-EE04-4312-B8E8-F99DEBE4A361;7DE9853A-EBAC-4DB5-AD6C-0E06C4B3230C
107021454;3BC7A314-6E84-420B-AECF-31DA689F13EC;7DE9853A-EBAC-4DB5-AD6C-0E06C4B3230C
107021455;6F74D512-8363-4F4D-A074-73685E062B7A;7DE9853A-EBAC-4DB5-AD6C-0E06C4B3230C
107021456;45421E17-912B-449F-8EBA-E299E9D74612;7DE9853A-EBAC-4DB5-AD6C-0E06C4B3230C
107021457;654C0A4E-CDB6-4BF6-AE56-B82FEA7FFAB1;7DE9853A-EBAC-4DB5-AD6C-0E06C4B3230C
107021458;E2FF1101-30C1-4C49-AF8F-16A6DD0117C1;7DE9853A-EBAC-4DB5-AD6C-0E06C4B3230C
107021459;F0968394-19AD-45A6-9A89-901D4F315A64;7DE9853A-EBAC-4DB5-AD6C-0E06C4B3230C
107021460;EB857531-5BC7-42D2-9537-6DD9B7E115A0;7DE9853A-EBAC-4DB5-AD6C-0E06C4B3230C
107021461;30CDB500-29DC-4E7D-8A8D-CF42275BA0C2;7DE9853A-EBAC-4DB5-AD6C-0E06C4B3230C
107021462;1328A20B-E5E4-4015-9474-6B27DA57DAB3;7DE9853A-EBAC-4DB5-AD6C-0E06C4B3230C
107021463;DF08AC06-67AC-4E39-9EA3-2209EDBDB927;7DE9853A-EBAC-4DB5-AD6C-0E06C4B3230C
107021464;4AFB2E2B-4832-4FCA-AF33-EF47A474A7B8;7DE9853A-EBAC-4DB5-AD6C-0E06C4B3230C
107021465;FA855D9A-C938-4DEB-B0EF-AEEC2971649A;7DE9853A-EBAC-4DB5-AD6C-0E06C4B3230C
107021466;C6321CBB-63C5-42E5-B78C-23F348C2C8DB;7DE9853A-EBAC-4DB5-AD6C-0E06C4B3230C
107021468;DBFF6A43-A673-4D28-82D2-C55CE13513B9;7DE9853A-EBAC-4DB5-AD6C-0E06C4B3230C
107021469;EB4CE42F-0D07-4D47-9174-1990CD94CEE8;7DE9853A-EBAC-4DB5-AD6C-0E06C4B3230C
107021470;B1B1111A-F7BE-4515-99F5-FEF1E2F44FB1;7DE9853A-EBAC-4DB5-AD6C-0E06C4B3230C
107021471;191F318A-97FF-4034-AC71-BFD5147C5CD7;7DE9853A-EBAC-4DB5-AD6C-0E06C4B3230C
107021472;3C29674F-77A0-4156-8B5B-49B93C989AAF;7DE9853A-EBAC-4DB5-AD6C-0E06C4B3230C
107021473;BAA450AF-00EE-4A77-BADB-0E11CC61BAAD;7DE9853A-EBAC-4DB5-AD6C-0E06C4B3230C
107021474;824A128F-5037-4D24-9345-26EA0482ED9B;7DE9853A-EBAC-4DB5-AD6C-0E06C4B3230C
107021475;40C5E046-FC74-4EDD-8468-7C51360AF239;7DE9853A-EBAC-4DB5-AD6C-0E06C4B3230C
107021477;1FF80CB8-471F-4481-9681-18678379C894;7DE9853A-EBAC-4DB5-AD6C-0E06C4B3230C
107021478;09FDB049-3552-4F8B-8029-644B44FB247E;7DE9853A-EBAC-4DB5-AD6C-0E06C4B3230C
107021479;77BCB803-7D4F-43B9-9C6A-5BC4820FF3BE;7DE9853A-EBAC-4DB5-AD6C-0E06C4B3230C
107021481;F401A187-F665-405D-B8D5-54D904398B5B;7DE9853A-EBAC-4DB5-AD6C-0E06C4B3230C
107021482;1B12E323-CCA2-45E3-828B-B3896AD2F9B0;7DE9853A-EBAC-4DB5-AD6C-0E06C4B3230C
107021484;DDBE0A5F-6237-4C13-B8EF-EE0A040B1F97;7DE9853A-EBAC-4DB5-AD6C-0E06C4B3230C
107021485;B0FBD121-B113-4A72-946D-7D5BB69A6347;7DE9853A-EBAC-4DB5-AD6C-0E06C4B3230C
107021486;85D960B6-14AC-4AC9-A1CC-80AABCAFE39E;7DE9853A-EBAC-4DB5-AD6C-0E06C4B3230C
107021487;C316EC2F-1FAD-474E-BFAA-6F2347333862;7DE9853A-EBAC-4DB5-AD6C-0E06C4B3230C
107021488;9B17CCD3-9D91-4490-B949-A1E3635E96F4;7DE9853A-EBAC-4DB5-AD6C-0E06C4B3230C
107021489;2E1639C8-2FEF-443B-BD64-AB21AFB84B33;7DE9853A-EBAC-4DB5-AD6C-0E06C4B3230C
107021490;FD7F7593-5E21-4BD9-A77C-765D124EC7A2;7DE9853A-EBAC-4DB5-AD6C-0E06C4B3230C
107021491;C796B6B6-B86C-489E-8423-C898B8CA6047;7DE9853A-EBAC-4DB5-AD6C-0E06C4B3230C
107021492;D6E6DFE1-152A-4632-96C7-7B55F090B839;7DE9853A-EBAC-4DB5-AD6C-0E06C4B3230C
107021493;ED35FEE1-8AD8-4D9C-86D7-A016CF0191A4;7DE9853A-EBAC-4DB5-AD6C-0E06C4B3230C
107021495;E4730858-20DE-4F26-82A1-267BF136A1FF;7DE9853A-EBAC-4DB5-AD6C-0E06C4B3230C
107021496;D944E141-4DE2-4190-BB6C-A85598967B35;7DE9853A-EBAC-4DB5-AD6C-0E06C4B3230C
107021497;F5BA7B9D-BD21-41C9-98F4-FCF4108F83A5;7DE9853A-EBAC-4DB5-AD6C-0E06C4B3230C
107021498;83821BBC-FDD6-4AE8-8BC7-FFFB83C60059;7DE9853A-EBAC-4DB5-AD6C-0E06C4B3230C
107021499;CB078476-204F-4506-AC1E-6C2531BB67F9;7DE9853A-EBAC-4DB5-AD6C-0E06C4B3230C
107021500;631F9FCE-9A81-4E78-AD0E-0A1BB7D6AF6D;7DE9853A-EBAC-4DB5-AD6C-0E06C4B3230C
107021501;42052E50-6A48-4A25-9DB4-3A0B34CC990B;7DE9853A-EBAC-4DB5-AD6C-0E06C4B3230C
107021502;938CBC50-2353-400B-9BC9-E01E0A8CF277;7DE9853A-EBAC-4DB5-AD6C-0E06C4B3230C
107021504;A742F0E4-EE5F-49B0-BDBA-43133F7CC59A;7DE9853A-EBAC-4DB5-AD6C-0E06C4B3230C
107021505;4DE3FBF6-E745-4E7B-8FF8-0891D8F8E685;7DE9853A-EBAC-4DB5-AD6C-0E06C4B3230C
107021506;C260325C-46CD-462E-B342-BE1906982BC7;7DE9853A-EBAC-4DB5-AD6C-0E06C4B3230C
107021507;6DBAB5E5-3371-4422-86D9-C949BFD20B32;7DE9853A-EBAC-4DB5-AD6C-0E06C4B3230C
107021508;0B03858E-7860-4113-A672-8E204150E7D7;7DE9853A-EBAC-4DB5-AD6C-0E06C4B3230C
107021509;17BF74A1-E331-47A5-AB08-E39F8FAE8808;7DE9853A-EBAC-4DB5-AD6C-0E06C4B3230C
107021510;7F283447-775A-48A8-9234-ED09EDE658AA;7DE9853A-EBAC-4DB5-AD6C-0E06C4B3230C
107021512;C527CB40-E8F5-48D9-A763-926788362B75;7DE9853A-EBAC-4DB5-AD6C-0E06C4B3230C
107021513;4005EF5B-7E46-4531-8592-FEC4E5C57373;7DE9853A-EBAC-4DB5-AD6C-0E06C4B3230C
107021514;C34CC6BF-206D-4D4B-9253-A91B9C1A5615;7DE9853A-EBAC-4DB5-AD6C-0E06C4B3230C
107021515;2FB387EC-79D2-436E-8C52-6E292025E99A;7DE9853A-EBAC-4DB5-AD6C-0E06C4B3230C
107021519;A17AF4F7-BEFE-4A4E-9CC1-322E8D54CFBC;7DE9853A-EBAC-4DB5-AD6C-0E06C4B3230C
107021520;6C27C976-BEB0-4B81-9B7E-D01139DAB200;7DE9853A-EBAC-4DB5-AD6C-0E06C4B3230C
107021521;DBCE1525-93C5-49EF-B875-B5153330B762;7DE9853A-EBAC-4DB5-AD6C-0E06C4B3230C
107021522;495AA6FB-5475-49B5-8A9A-9B305A5D0FB7;7DE9853A-EBAC-4DB5-AD6C-0E06C4B3230C
107021523;93245A46-11F3-4BB0-ACD6-EBCCB660E5C9;7DE9853A-EBAC-4DB5-AD6C-0E06C4B3230C
107021524;97D2297A-4692-48A4-B72F-8B05ABB213C0;7DE9853A-EBAC-4DB5-AD6C-0E06C4B3230C
107021525;0BB39D2D-55CE-4019-9069-0DF8CCD7850B;7DE9853A-EBAC-4DB5-AD6C-0E06C4B3230C
107021526;2936D8A1-7F58-4449-B684-A8FC244BB3CD;7DE9853A-EBAC-4DB5-AD6C-0E06C4B3230C
107021527;96A4AF04-AC00-4657-958B-2F8FFED4C3B0;7DE9853A-EBAC-4DB5-AD6C-0E06C4B3230C
107021528;15E97218-BD81-4DBA-B9EE-7D55CD05F2E8;7DE9853A-EBAC-4DB5-AD6C-0E06C4B3230C
107021529;CE85018B-A5B7-48AA-A004-D352B4A281F4;7DE9853A-EBAC-4DB5-AD6C-0E06C4B3230C
107021531;754D0DD8-0306-4386-970D-8F19EE1F2E2F;7DE9853A-EBAC-4DB5-AD6C-0E06C4B3230C
107021532;CA81F94A-3B7A-4D64-80D8-58ECD377B6E4;7DE9853A-EBAC-4DB5-AD6C-0E06C4B3230C
107021745;99F57480-7645-4226-B7F8-E8F7E630D566;7DE9853A-EBAC-4DB5-AD6C-0E06C4B3230C
107021746;9349AFBC-F2C7-4201-8DD0-1E5F5C4DC346;7DE9853A-EBAC-4DB5-AD6C-0E06C4B3230C
107021747;78BD0267-1CFD-478B-B092-0FE3A5F02743;7DE9853A-EBAC-4DB5-AD6C-0E06C4B3230C
107021748;1BF8055D-A51D-4CA2-9A5F-1B329274B2C4;7DE9853A-EBAC-4DB5-AD6C-0E06C4B3230C
107021749;36340BAA-2611-4151-B119-3810A48797B8;7DE9853A-EBAC-4DB5-AD6C-0E06C4B3230C
107021750;A5CA0410-6442-4A8D-90C1-A65B5620700F;7DE9853A-EBAC-4DB5-AD6C-0E06C4B3230C
107021751;F2508099-631D-4C03-AE74-A494A84EDA98;7DE9853A-EBAC-4DB5-AD6C-0E06C4B3230C
107021752;DB70530E-6DAA-4EC8-B773-1507C4CEE5DD;7DE9853A-EBAC-4DB5-AD6C-0E06C4B3230C
107021753;01BB2A76-7096-4795-ADC9-C028714EC381;7DE9853A-EBAC-4DB5-AD6C-0E06C4B3230C
107021754;813A221D-EA75-4370-AA4F-E3B628C8F151;7DE9853A-EBAC-4DB5-AD6C-0E06C4B3230C
107021755;2C033815-FA48-4A84-861B-C0BA5FEAB4F3;7DE9853A-EBAC-4DB5-AD6C-0E06C4B3230C
107021756;B5BCE7CF-3CE0-46CF-B8A7-66C4B339095C;7DE9853A-EBAC-4DB5-AD6C-0E06C4B3230C
107021757;A1918E01-5A18-41F7-921B-F5F9F796609F;7DE9853A-EBAC-4DB5-AD6C-0E06C4B3230C
107021758;AD18A7B2-0962-47D5-B09E-76B05B1C5BA4;7DE9853A-EBAC-4DB5-AD6C-0E06C4B3230C
107021759;0DC53FC0-69AA-48A5-8EAA-5C8B89CCB48C;7DE9853A-EBAC-4DB5-AD6C-0E06C4B3230C
107021760;AE3D580B-F1D3-4F6F-9F59-727FF63335C4;7DE9853A-EBAC-4DB5-AD6C-0E06C4B3230C
107021761;7BC7770B-2D07-4CE6-B552-C126E4FB0C63;7DE9853A-EBAC-4DB5-AD6C-0E06C4B3230C
107021762;1143AC42-0718-4D17-BD03-95CCCA6BF7BB;7DE9853A-EBAC-4DB5-AD6C-0E06C4B3230C
107021763;F1CDCCD1-8830-4046-B62B-F73FB265764C;7DE9853A-EBAC-4DB5-AD6C-0E06C4B3230C
107021764;6A31B36D-9284-4726-90FB-2222524EB099;7DE9853A-EBAC-4DB5-AD6C-0E06C4B3230C
107021765;72B3ACCA-22C7-4AE8-9A3C-886DB0A7ACD6;7DE9853A-EBAC-4DB5-AD6C-0E06C4B3230C
107021778;544062B2-606E-43DC-94D7-18C2586913DE;7DE9853A-EBAC-4DB5-AD6C-0E06C4B3230C
107021779;C938DAF0-898A-457E-BE7B-624756C81FE9;7DE9853A-EBAC-4DB5-AD6C-0E06C4B3230C
107021780;6DD451E5-C6AA-4A31-854D-FAAB2955C344;7DE9853A-EBAC-4DB5-AD6C-0E06C4B3230C
107021781;D5595CDF-0822-41B0-80A6-251CF442C243;7DE9853A-EBAC-4DB5-AD6C-0E06C4B3230C
107021782;85394402-4363-4B52-AD96-6BD8C0C5FE0E;7DE9853A-EBAC-4DB5-AD6C-0E06C4B3230C
107021783;9C06723A-FFBD-4EB7-B8CF-00563E377B77;7DE9853A-EBAC-4DB5-AD6C-0E06C4B3230C
107021784;74B4F352-E8EE-480C-BF43-A342CF35E753;7DE9853A-EBAC-4DB5-AD6C-0E06C4B3230C
107021785;97787E23-DCEB-4D64-9834-10A96FEF8B7B;7DE9853A-EBAC-4DB5-AD6C-0E06C4B3230C
107021786;F8A6D828-AE40-4956-8C93-CF71E6B78B98;7DE9853A-EBAC-4DB5-AD6C-0E06C4B3230C
107021787;15CDF729-FFD3-485A-A393-F0EA87ACDE7B;7DE9853A-EBAC-4DB5-AD6C-0E06C4B3230C
107021788;3A2CC5EB-C6A9-4507-AE71-CE36DFF7D906;7DE9853A-EBAC-4DB5-AD6C-0E06C4B3230C
107021789;0AED49C9-796F-4A98-BEFB-603A6F5DC08D;7DE9853A-EBAC-4DB5-AD6C-0E06C4B3230C
107021790;90B44139-BDCA-4824-9D8A-E34BEEE527C8;7DE9853A-EBAC-4DB5-AD6C-0E06C4B3230C
107021791;BEF6D971-0050-4BB2-BD64-A28FA470F6D3;7DE9853A-EBAC-4DB5-AD6C-0E06C4B3230C
107021792;3AF2C866-84B1-407B-BCD5-8F36CD2A317B;7DE9853A-EBAC-4DB5-AD6C-0E06C4B3230C
107021793;E6ECE079-965A-490C-8B60-24DC1FF0C5B5;7DE9853A-EBAC-4DB5-AD6C-0E06C4B3230C
107021794;DBD41F8F-EAC9-4B80-BB2E-54CB13BCF56F;7DE9853A-EBAC-4DB5-AD6C-0E06C4B3230C
107021795;43022B76-4151-4B5D-948B-D36BB092FE2A;7DE9853A-EBAC-4DB5-AD6C-0E06C4B3230C
107021796;913399D2-621C-4592-B2C4-A90E2F544E3E;7DE9853A-EBAC-4DB5-AD6C-0E06C4B3230C
107021797;D69AC245-5CEB-4739-8FF4-D4ADD136B30E;7DE9853A-EBAC-4DB5-AD6C-0E06C4B3230C
107021798;A80F5D71-24C0-4FC1-806F-7CBF83678297;7DE9853A-EBAC-4DB5-AD6C-0E06C4B3230C
107021799;3A073DCE-8D5C-4E8F-AA1D-3C6792320940;7DE9853A-EBAC-4DB5-AD6C-0E06C4B3230C
107021800;70F77D35-AECE-4182-826A-399918C7CA2E;7DE9853A-EBAC-4DB5-AD6C-0E06C4B3230C
107022093;B153B2E8-AE08-473E-85E6-0031B27AABA9;7DE9853A-EBAC-4DB5-AD6C-0E06C4B3230C
107022094;D77A1AA0-EE5D-4058-BA6C-F8794DF9D488;7DE9853A-EBAC-4DB5-AD6C-0E06C4B3230C
107042462;35EAD772-9393-4386-BF90-68271FA0AB93;7DE9853A-EBAC-4DB5-AD6C-0E06C4B3230C
107042464;125C2C00-8B89-4964-B4AA-B697E122B22B;7DE9853A-EBAC-4DB5-AD6C-0E06C4B3230C
107042465;DEB5EE3A-D92A-40DE-8F09-024AEB57CCA9;7DE9853A-EBAC-4DB5-AD6C-0E06C4B3230C
107042466;05C12955-CA61-4364-9EAE-58188404874F;7DE9853A-EBAC-4DB5-AD6C-0E06C4B3230C
107042467;6028EC44-A5E4-4C4D-A319-EB1FC0DD35D9;7DE9853A-EBAC-4DB5-AD6C-0E06C4B3230C
107042468;B3D1F392-7C3C-437D-906D-C2382E1BF29E;7DE9853A-EBAC-4DB5-AD6C-0E06C4B3230C
107042469;9BBE2EBA-2643-4C17-B393-E71CCC6549DD;7DE9853A-EBAC-4DB5-AD6C-0E06C4B3230C
107042470;1ABC8D7D-A437-4399-A2A8-5C0AF1308D36;7DE9853A-EBAC-4DB5-AD6C-0E06C4B3230C
107042471;8AD2C844-3D92-4DCA-BC24-CB761AA77ED2;7DE9853A-EBAC-4DB5-AD6C-0E06C4B3230C
107042472;8B3990E2-1094-4287-B87C-DA86F5831D2E;7DE9853A-EBAC-4DB5-AD6C-0E06C4B3230C
107042473;1FD0581C-B7CA-4D0B-9062-81FB95A88A34;7DE9853A-EBAC-4DB5-AD6C-0E06C4B3230C
107042475;5D193AA4-73B9-4286-A7C0-6E95EBCE8D9B;7DE9853A-EBAC-4DB5-AD6C-0E06C4B3230C
107042476;19C306C6-AA4C-477B-BC2C-70DA95907B65;7DE9853A-EBAC-4DB5-AD6C-0E06C4B3230C
107042477;A7F05933-EE4C-4430-AFF9-964273955FAA;7DE9853A-EBAC-4DB5-AD6C-0E06C4B3230C
107042479;7F79361B-B817-4CA4-A64D-CC30230FA2F3;7DE9853A-EBAC-4DB5-AD6C-0E06C4B3230C
107042481;69F6F2D2-4A8A-45E3-860E-3B5E927D228E;7DE9853A-EBAC-4DB5-AD6C-0E06C4B3230C
107042482;6D7641F0-E62A-432B-B99B-C174D641DFE2;7DE9853A-EBAC-4DB5-AD6C-0E06C4B3230C
107042560;319FEFD1-359A-4278-93EE-3621C777E088;7DE9853A-EBAC-4DB5-AD6C-0E06C4B3230C
107042561;DD3C3F5D-309D-44F8-A46A-31398013D8D9;7DE9853A-EBAC-4DB5-AD6C-0E06C4B3230C
107042562;498A9D1F-0BE5-41A7-9150-DBF33DF3C444;7DE9853A-EBAC-4DB5-AD6C-0E06C4B3230C
107042563;47ED2971-BB4D-4248-B474-B2BDE0F809F6;7DE9853A-EBAC-4DB5-AD6C-0E06C4B3230C
107042564;DC731EB0-693E-438C-A5A3-10B3BCFDD88B;7DE9853A-EBAC-4DB5-AD6C-0E06C4B3230C
107042565;394D5CD8-803C-4223-BF40-C5FED5E6471A;7DE9853A-EBAC-4DB5-AD6C-0E06C4B3230C
107042566;45E5B88E-7C17-4AA7-A575-C51518432270;7DE9853A-EBAC-4DB5-AD6C-0E06C4B3230C
107042567;2F11FA72-0F8C-4D04-AB64-EE5CBAFABCA2;7DE9853A-EBAC-4DB5-AD6C-0E06C4B3230C
107042568;9435B572-F521-4E3E-B0EF-FA052ABC895A;7DE9853A-EBAC-4DB5-AD6C-0E06C4B3230C
107042569;A792AD3D-879B-412E-BC5B-B2B558234C06;7DE9853A-EBAC-4DB5-AD6C-0E06C4B3230C
107042570;2D67CAA7-5E88-44CE-A668-D8BEE8AEC7C7;7DE9853A-EBAC-4DB5-AD6C-0E06C4B3230C
107042571;BDAB42DF-D8D0-4D63-9A9F-CB5C8CCCC627;7DE9853A-EBAC-4DB5-AD6C-0E06C4B3230C
107042572;96120C7B-B77C-46AA-A72C-320CFA1952B1;7DE9853A-EBAC-4DB5-AD6C-0E06C4B3230C
107042573;AD6BE807-D3CF-49BB-A950-E5FAEE11A498;7DE9853A-EBAC-4DB5-AD6C-0E06C4B3230C
107042574;557947B9-9A52-4FBF-8409-C1D6BF1FDCB3;7DE9853A-EBAC-4DB5-AD6C-0E06C4B3230C
107042575;676B5BE7-5BD3-46DF-A881-6F6E904EBEDC;7DE9853A-EBAC-4DB5-AD6C-0E06C4B3230C
107042576;7CA3D843-29E1-4BEF-AC25-8F429631F589;7DE9853A-EBAC-4DB5-AD6C-0E06C4B3230C
107042577;B63B77F6-B213-4146-A067-0FD9454D0944;7DE9853A-EBAC-4DB5-AD6C-0E06C4B3230C
107042578;8D8F367E-2F05-4E1F-8FE0-452BAEB79004;7DE9853A-EBAC-4DB5-AD6C-0E06C4B3230C
107042579;2139170E-05D9-4A77-803E-0ABE0F59C89B;7DE9853A-EBAC-4DB5-AD6C-0E06C4B3230C
107042580;EDC1367F-201B-4F4B-AE57-0BDFBFF27B80;7DE9853A-EBAC-4DB5-AD6C-0E06C4B3230C
107042581;254356CD-DAA1-414B-AACE-3214B1094EA6;7DE9853A-EBAC-4DB5-AD6C-0E06C4B3230C
107042582;B4A4B9F2-03AC-4AF5-92D7-378A46308E0B;7DE9853A-EBAC-4DB5-AD6C-0E06C4B3230C
107042583;E50F80E0-6407-4F44-89CE-03FE7A67C610;7DE9853A-EBAC-4DB5-AD6C-0E06C4B3230C
107042584;14AB598B-72D3-4D50-A1FA-A100759930C5;7DE9853A-EBAC-4DB5-AD6C-0E06C4B3230C
107042585;6F298B9D-DDC3-46F5-A544-5B8A4E0B9636;7DE9853A-EBAC-4DB5-AD6C-0E06C4B3230C
107042586;48D30AF1-4B7C-4FAC-96FB-000A95100EB6;7DE9853A-EBAC-4DB5-AD6C-0E06C4B3230C
107042587;6A285899-63C2-4820-A795-DE964527EDF8;7DE9853A-EBAC-4DB5-AD6C-0E06C4B3230C
107042588;6E3693B6-0CB6-4F87-B0C1-4C4593A5A4F9;7DE9853A-EBAC-4DB5-AD6C-0E06C4B3230C
107042589;FDB6635B-F1A6-4003-ADF4-5911F19683CE;7DE9853A-EBAC-4DB5-AD6C-0E06C4B3230C
107042590;124BA2F3-EE16-4911-BB00-ECAAD75AADC9;7DE9853A-EBAC-4DB5-AD6C-0E06C4B3230C
107042591;AF26B100-357C-42CD-A09D-7EC285934831;7DE9853A-EBAC-4DB5-AD6C-0E06C4B3230C
107042592;9DBF14DE-202D-4A9D-A466-E764C76AAD73;7DE9853A-EBAC-4DB5-AD6C-0E06C4B3230C
107042613;5CDC9E96-3751-4EE9-ACF8-275AEA8E3325;7DE9853A-EBAC-4DB5-AD6C-0E06C4B3230C
107042614;2F22A67E-408E-45CD-8C51-3192A23D4E38;7DE9853A-EBAC-4DB5-AD6C-0E06C4B3230C
107042615;218F340D-51D8-4674-99CF-C397874BA4BD;7DE9853A-EBAC-4DB5-AD6C-0E06C4B3230C
107042616;8669CDCE-265B-4717-8727-CAB6336D5774;7DE9853A-EBAC-4DB5-AD6C-0E06C4B3230C
107042617;0D6E9499-193F-45F6-952F-30DB628062D0;7DE9853A-EBAC-4DB5-AD6C-0E06C4B3230C
107042618;61CBFB1D-C20C-42FD-A2DA-7D1F04328825;7DE9853A-EBAC-4DB5-AD6C-0E06C4B3230C
107042619;14814D15-0344-4EB2-A157-7A1047945977;7DE9853A-EBAC-4DB5-AD6C-0E06C4B3230C
107042620;850E68CA-DBD3-4480-B744-97F4EA7EAF3A;7DE9853A-EBAC-4DB5-AD6C-0E06C4B3230C
107042621;68457456-7678-4296-8E47-4A6BD19F4C68;7DE9853A-EBAC-4DB5-AD6C-0E06C4B3230C
107042624;20FF61F1-F1E4-4678-8EFF-274A6CC63F2C;7DE9853A-EBAC-4DB5-AD6C-0E06C4B3230C
107042625;2422E3DE-4F42-4EF5-9A6F-EE284576C8F8;7DE9853A-EBAC-4DB5-AD6C-0E06C4B3230C
107042626;917A98FD-29AF-428E-B0B9-CDBA296B3DD7;7DE9853A-EBAC-4DB5-AD6C-0E06C4B3230C
107042627;622135C5-26EC-4264-893E-092BA8FE2A35;7DE9853A-EBAC-4DB5-AD6C-0E06C4B3230C
107042628;E0AACC9A-80FD-48FC-B223-A93AB37FD99D;7DE9853A-EBAC-4DB5-AD6C-0E06C4B3230C
107042629;914F847F-F896-425C-B467-868FDBCCD0D1;7DE9853A-EBAC-4DB5-AD6C-0E06C4B3230C
107042630;E6909472-0C73-4CE0-9CCF-BC8FA47CFD35;7DE9853A-EBAC-4DB5-AD6C-0E06C4B3230C
107042631;11A2B58D-C3E5-4695-ACCE-A9E85A621FB8;7DE9853A-EBAC-4DB5-AD6C-0E06C4B3230C
107042632;9950FD68-1646-4EAB-A848-BC8ED01DE18C;7DE9853A-EBAC-4DB5-AD6C-0E06C4B3230C
107042633;98EFCBCB-84E8-4F51-BC57-156C9934C0FA;7DE9853A-EBAC-4DB5-AD6C-0E06C4B3230C
107042634;293922AD-C205-4466-B008-666E2CEC5676;7DE9853A-EBAC-4DB5-AD6C-0E06C4B3230C
107042664;98A041B7-3E47-42AA-8506-AD25CE23E5D8;7DE9853A-EBAC-4DB5-AD6C-0E06C4B3230C
107042668;BCE7983C-A6B2-40F7-A3FD-7A28132DFE61;7DE9853A-EBAC-4DB5-AD6C-0E06C4B3230C
107042669;A51EF3DD-9612-40E4-9188-D9D5377E6BC9;7DE9853A-EBAC-4DB5-AD6C-0E06C4B3230C
107042671;0669B034-625C-4EED-A229-CC6F27CBC390;7DE9853A-EBAC-4DB5-AD6C-0E06C4B3230C
107061519;145D1D1B-B421-433D-89CE-308333849576;7DE9853A-EBAC-4DB5-AD6C-0E06C4B3230C
107061520;96856B70-4BD8-4FE4-A5AD-1B00B9BC3AAB;7DE9853A-EBAC-4DB5-AD6C-0E06C4B3230C
107061521;2CF6C81A-0DE7-428C-9EED-0B178E461B74;7DE9853A-EBAC-4DB5-AD6C-0E06C4B3230C
107061522;69128FB6-7E09-4086-A574-1002006A1D33;7DE9853A-EBAC-4DB5-AD6C-0E06C4B3230C
107061524;671891F4-ED6B-4088-B427-5C5C17DCF10C;7DE9853A-EBAC-4DB5-AD6C-0E06C4B3230C
107061525;6503C53B-E2F9-402B-AD84-7991EB12DC47;7DE9853A-EBAC-4DB5-AD6C-0E06C4B3230C
107061526;5ED0EF73-F3B3-480C-9D96-B17AD97E3741;7DE9853A-EBAC-4DB5-AD6C-0E06C4B3230C
107061527;CDC221F0-DF18-4CC3-851E-148E3F0BF932;7DE9853A-EBAC-4DB5-AD6C-0E06C4B3230C
107061528;E4F7ACE6-3326-4CA1-AC0F-C6557B8BF7A6;7DE9853A-EBAC-4DB5-AD6C-0E06C4B3230C
107061529;33113E4D-10C1-4F6D-A77A-C54E91179041;7DE9853A-EBAC-4DB5-AD6C-0E06C4B3230C
107061530;4C04C142-F5CE-4CC8-98EB-4C3C3A985F3D;7DE9853A-EBAC-4DB5-AD6C-0E06C4B3230C
107061531;01358E50-045E-4237-AB2C-F066CC80EC30;7DE9853A-EBAC-4DB5-AD6C-0E06C4B3230C
107061532;FC7EBDEA-7995-4CA5-B88C-834B092C4DDF;7DE9853A-EBAC-4DB5-AD6C-0E06C4B3230C
107061533;65461B5D-37D3-42AB-8540-121468A1F9D1;7DE9853A-EBAC-4DB5-AD6C-0E06C4B3230C
107061535;1E994580-C9B9-4801-AFD1-EE9E67899030;7DE9853A-EBAC-4DB5-AD6C-0E06C4B3230C
107061536;A6046224-30C4-4F7C-B9B7-84ABE24DAC34;7DE9853A-EBAC-4DB5-AD6C-0E06C4B3230C
107061537;14ABD81F-3A07-4F1A-A352-F30544F4D592;7DE9853A-EBAC-4DB5-AD6C-0E06C4B3230C
107061538;D37E00E5-D869-491C-95C0-1CD4CE883BCB;7DE9853A-EBAC-4DB5-AD6C-0E06C4B3230C
107061539;64C0470E-AE6E-4C80-92EB-9D645B99DCDE;7DE9853A-EBAC-4DB5-AD6C-0E06C4B3230C
107061540;3A34148F-0D3F-4E44-82EE-CBA62FED2F16;7DE9853A-EBAC-4DB5-AD6C-0E06C4B3230C
107061541;4B073567-A0B3-463C-86EE-FA7EB3EA2CC9;7DE9853A-EBAC-4DB5-AD6C-0E06C4B3230C
107061543;A62F0D22-B89E-45CA-8618-3D683735A0BA;7DE9853A-EBAC-4DB5-AD6C-0E06C4B3230C
107061544;2D7AE1DC-94FD-4C4F-9A8D-810C1D4E3898;7DE9853A-EBAC-4DB5-AD6C-0E06C4B3230C
107061546;B0F8E6AB-071F-4877-9124-EDC62046AFEE;7DE9853A-EBAC-4DB5-AD6C-0E06C4B3230C
107061547;DEDD81DB-F476-47BC-BC32-3F5A85749433;7DE9853A-EBAC-4DB5-AD6C-0E06C4B3230C
107061549;71DC6E77-7B0B-418B-9157-B3A2D93D202E;7DE9853A-EBAC-4DB5-AD6C-0E06C4B3230C
107061552;3DA846D4-6403-4F51-B0EB-6BFAFA832B3B;7DE9853A-EBAC-4DB5-AD6C-0E06C4B3230C
107061553;DD80BAE4-1041-4E25-A17A-3955EB98F0C2;7DE9853A-EBAC-4DB5-AD6C-0E06C4B3230C
107061554;62AC180B-3CE1-46CD-98BE-3A358534ACDF;7DE9853A-EBAC-4DB5-AD6C-0E06C4B3230C
107061555;D3E2AC46-7E5E-4DC9-B2ED-FF6348435C17;7DE9853A-EBAC-4DB5-AD6C-0E06C4B3230C
107061690;EDE48850-FB7A-4F4E-87FB-D3223994EBB9;7DE9853A-EBAC-4DB5-AD6C-0E06C4B3230C
107061691;4B306AAA-DFC7-4CFE-A346-4BEEFA780BA1;7DE9853A-EBAC-4DB5-AD6C-0E06C4B3230C
107061694;AEA2E389-7F66-4240-927F-36E414C08017;7DE9853A-EBAC-4DB5-AD6C-0E06C4B3230C
107061695;CA70FA7F-7FE9-4967-85E1-5D9B5AB2D537;7DE9853A-EBAC-4DB5-AD6C-0E06C4B3230C
107061710;A5067393-F867-46B2-99FF-D9F34663AFCC;7DE9853A-EBAC-4DB5-AD6C-0E06C4B3230C
107061711;7885800E-66A0-4A8E-BCB5-29C28797FB48;7DE9853A-EBAC-4DB5-AD6C-0E06C4B3230C
107061712;83DB9362-B0D4-4112-B920-68DE609D7B8F;7DE9853A-EBAC-4DB5-AD6C-0E06C4B3230C
107061713;151BAAEA-9DFB-4295-B980-E6C58B5AD2A8;7DE9853A-EBAC-4DB5-AD6C-0E06C4B3230C
107061714;588C9D1B-87B3-48FD-AE18-749DF66AE484;7DE9853A-EBAC-4DB5-AD6C-0E06C4B3230C
107061715;F4DF307C-1466-4DF8-BD05-494CB69A4F8B;7DE9853A-EBAC-4DB5-AD6C-0E06C4B3230C
107061716;2C2A2ED5-E323-449A-90D5-FB911528CD14;7DE9853A-EBAC-4DB5-AD6C-0E06C4B3230C
107061717;327ED2F2-799A-46C1-BC3D-ED572A0C4A0E;7DE9853A-EBAC-4DB5-AD6C-0E06C4B3230C
107061718;09E1F082-095A-472C-9AF5-6A77B864C229;7DE9853A-EBAC-4DB5-AD6C-0E06C4B3230C
107061719;1A548C45-651C-43D3-8FC4-FF38127A4F89;7DE9853A-EBAC-4DB5-AD6C-0E06C4B3230C
107061720;05BEE61C-0CA9-47B1-9157-536086D58D0A;7DE9853A-EBAC-4DB5-AD6C-0E06C4B3230C
107061721;6F9AE389-1B24-4894-8EB7-F2AFFFF479B6;7DE9853A-EBAC-4DB5-AD6C-0E06C4B3230C
107061722;4C20CD8C-A5A3-46FE-AEB0-04A1D4CB8A7B;7DE9853A-EBAC-4DB5-AD6C-0E06C4B3230C
107061723;9E1ECD87-BA9E-45CF-87E3-0ADB140B3B13;7DE9853A-EBAC-4DB5-AD6C-0E06C4B3230C
107061724;8BA72CF6-B08F-458F-9A32-BD5CC81EF286;7DE9853A-EBAC-4DB5-AD6C-0E06C4B3230C
107061725;5A9788C9-5395-431F-9D54-BD85C81241AB;7DE9853A-EBAC-4DB5-AD6C-0E06C4B3230C
107061726;A094D5C3-AC2E-412D-84D8-AE32A5C7BFDD;7DE9853A-EBAC-4DB5-AD6C-0E06C4B3230C
107061727;19A615F7-B959-4788-82DD-92B50342D814;7DE9853A-EBAC-4DB5-AD6C-0E06C4B3230C
107061728;C719017B-B329-4BD4-8627-6461F1A189DB;7DE9853A-EBAC-4DB5-AD6C-0E06C4B3230C
107061729;03EA4366-6716-4DA2-95D0-2CCAE641DF19;7DE9853A-EBAC-4DB5-AD6C-0E06C4B3230C
107061730;1F8D9A8C-C0A0-4977-9809-1CE0C4750B12;7DE9853A-EBAC-4DB5-AD6C-0E06C4B3230C
107061731;03D6DD37-552C-4C19-995B-7C19A7B5880A;7DE9853A-EBAC-4DB5-AD6C-0E06C4B3230C
107061732;D58C1A39-673E-449A-A142-2510EF75596C;7DE9853A-EBAC-4DB5-AD6C-0E06C4B3230C
107061733;84D186B3-D92D-4242-9E85-EAA51A1F8387;7DE9853A-EBAC-4DB5-AD6C-0E06C4B3230C
107061734;C08864A5-C586-41F3-BCE8-53C0E962D658;7DE9853A-EBAC-4DB5-AD6C-0E06C4B3230C
107061735;560D3CDA-B83F-455C-9FAE-8AC68F755927;7DE9853A-EBAC-4DB5-AD6C-0E06C4B3230C
107061736;F081614A-FF0D-49B3-BFD2-79219BC87717;7DE9853A-EBAC-4DB5-AD6C-0E06C4B3230C
107061737;0C1AEAC1-03A7-471E-A63C-6817A8F35642;7DE9853A-EBAC-4DB5-AD6C-0E06C4B3230C
107061738;0354B9F8-26E2-4677-B6EC-3578A2E9026F;7DE9853A-EBAC-4DB5-AD6C-0E06C4B3230C
107061739;D0A228AB-A81B-4B48-A0B8-624F83830904;7DE9853A-EBAC-4DB5-AD6C-0E06C4B3230C
107061740;E5544837-51D8-4D9E-8FAB-113F34E82826;7DE9853A-EBAC-4DB5-AD6C-0E06C4B3230C
107061741;8778E1B4-93D5-4C1C-9457-E38741AC4721;7DE9853A-EBAC-4DB5-AD6C-0E06C4B3230C
107061742;0D899A52-44B7-4665-A18D-48D2D5C14722;7DE9853A-EBAC-4DB5-AD6C-0E06C4B3230C
107061743;500F9DB5-B5B2-4D8A-B88F-CF9F72131257;7DE9853A-EBAC-4DB5-AD6C-0E06C4B3230C
107061744;B61E9821-6B11-41E1-975C-CACDFEFB9E1E;7DE9853A-EBAC-4DB5-AD6C-0E06C4B3230C
107061745;059BC85C-5FF7-4840-88E3-0D4D6AA95A9C;7DE9853A-EBAC-4DB5-AD6C-0E06C4B3230C
107061746;BCB5B9F4-B853-4825-8CA3-835A99033E69;7DE9853A-EBAC-4DB5-AD6C-0E06C4B3230C
107061747;EC83F9D2-2E4B-4738-A8A6-DB3A99427A89;7DE9853A-EBAC-4DB5-AD6C-0E06C4B3230C
107061748;6FCB5A71-3470-4518-9FCE-89C6D44C89FE;7DE9853A-EBAC-4DB5-AD6C-0E06C4B3230C
107061749;43A66E23-AC63-4349-81AE-E8DC38F515BD;7DE9853A-EBAC-4DB5-AD6C-0E06C4B3230C
107061750;C4599148-9FA6-4BC1-93AD-9A3236A93AF9;7DE9853A-EBAC-4DB5-AD6C-0E06C4B3230C
107061751;8C03466F-C4B9-4C57-B46C-C671B3C83F84;7DE9853A-EBAC-4DB5-AD6C-0E06C4B3230C
107061752;A74B442C-2D5D-40C6-820A-11F3E1C2E9A8;7DE9853A-EBAC-4DB5-AD6C-0E06C4B3230C
107061753;75CE78DB-65CF-480E-B60F-7A46E875F5D0;7DE9853A-EBAC-4DB5-AD6C-0E06C4B3230C
107061754;6E46AF11-8185-4595-BBED-501EF3B9D10D;7DE9853A-EBAC-4DB5-AD6C-0E06C4B3230C
107061755;57DEB635-0528-48E3-B878-8C1328658DD4;7DE9853A-EBAC-4DB5-AD6C-0E06C4B3230C
107061756;F021A1F5-7D8F-4F12-9AC5-C708EE178F21;7DE9853A-EBAC-4DB5-AD6C-0E06C4B3230C
107061757;0233FCD0-654F-451C-99D0-555C5C2A0427;7DE9853A-EBAC-4DB5-AD6C-0E06C4B3230C
107061758;47CC177E-3BE6-4D69-B9CA-32736531D154;7DE9853A-EBAC-4DB5-AD6C-0E06C4B3230C
107062217;CEC21058-8DCC-484D-A5A4-C35A37CD8065;7DE9853A-EBAC-4DB5-AD6C-0E06C4B3230C
107062219;2EB2FA60-17A1-4BFE-9635-DC4E118981E7;7DE9853A-EBAC-4DB5-AD6C-0E06C4B3230C
107062222;B98562F4-3BE7-4C53-A6EA-F538811AE66E;7DE9853A-EBAC-4DB5-AD6C-0E06C4B3230C
107062223;1E8DBC6F-FBFF-4CED-BD0A-C9C48E5F6C3B;7DE9853A-EBAC-4DB5-AD6C-0E06C4B3230C
107062224;A8A5786B-6AE7-4B04-A06B-6A74A97A39F8;7DE9853A-EBAC-4DB5-AD6C-0E06C4B3230C
107062225;FA7CF9B2-20A1-45B8-B2FC-D81AAE04BF02;7DE9853A-EBAC-4DB5-AD6C-0E06C4B3230C
107062226;F66BCB8A-2B86-4771-9D9C-062A35879615;7DE9853A-EBAC-4DB5-AD6C-0E06C4B3230C
107062227;BF861F97-0F1B-45C3-BFCD-88FCA122AA51;7DE9853A-EBAC-4DB5-AD6C-0E06C4B3230C
107062229;934F3893-DA3E-4135-B0A1-93AFCA8C439D;7DE9853A-EBAC-4DB5-AD6C-0E06C4B3230C
107062231;516C02F7-ECEC-4D96-B298-1F7CFD0184DD;7DE9853A-EBAC-4DB5-AD6C-0E06C4B3230C
107062233;BB3B0D13-FAF7-452C-A9D3-41FC2E306B33;7DE9853A-EBAC-4DB5-AD6C-0E06C4B3230C
107062234;1F9CDCA5-4B85-4FAE-83FA-38D4EF8AA476;7DE9853A-EBAC-4DB5-AD6C-0E06C4B3230C
107062235;2A17B8AE-012D-478E-9218-9B04FFF73C50;7DE9853A-EBAC-4DB5-AD6C-0E06C4B3230C
107062237;06A33ED8-847B-468D-8149-032EF79AF70C;7DE9853A-EBAC-4DB5-AD6C-0E06C4B3230C
107062238;FF9CF114-A97A-43A7-8A1B-E7EE740B05B7;7DE9853A-EBAC-4DB5-AD6C-0E06C4B3230C
107062239;C851EF14-817B-41F8-884A-0D85975F90FA;7DE9853A-EBAC-4DB5-AD6C-0E06C4B3230C
107062240;4180F6B6-BB87-474D-9453-88248D220C82;7DE9853A-EBAC-4DB5-AD6C-0E06C4B3230C
107062241;4757079F-B2DB-4EB2-B7E1-CBAE96FC0DDB;7DE9853A-EBAC-4DB5-AD6C-0E06C4B3230C
107062242;2B8BBBF5-0116-4263-AA2D-B56A46AF4CF4;7DE9853A-EBAC-4DB5-AD6C-0E06C4B3230C
107062243;49B1A33D-F4DB-49A3-9E89-9BF929BE039B;7DE9853A-EBAC-4DB5-AD6C-0E06C4B3230C
107062244;2B40D34F-AC6B-4165-B346-90C5BD4D8784;7DE9853A-EBAC-4DB5-AD6C-0E06C4B3230C
107062245;D89EBF3A-3D3F-44BF-96E6-FE547613FB63;7DE9853A-EBAC-4DB5-AD6C-0E06C4B3230C
107062246;09C1B720-423A-495F-905A-1C96A036313C;7DE9853A-EBAC-4DB5-AD6C-0E06C4B3230C
107062247;092C00A7-1A67-4CD1-80B3-EA79D17D26D0;7DE9853A-EBAC-4DB5-AD6C-0E06C4B3230C
107062332;9F43EC35-50C6-440D-85D9-52AEA3085CF0;7DE9853A-EBAC-4DB5-AD6C-0E06C4B3230C
107062333;2DEBD9D0-9554-4ED9-AD1D-BE992C7F3FAD;7DE9853A-EBAC-4DB5-AD6C-0E06C4B3230C
107062334;943C36CC-191D-4CB4-BD12-20E33A93AB24;7DE9853A-EBAC-4DB5-AD6C-0E06C4B3230C
107062336;ADB8EC7D-2186-4A29-ADC0-2479D50F69D3;7DE9853A-EBAC-4DB5-AD6C-0E06C4B3230C
107062337;64BA03A3-0EBD-44F6-9FF3-AE1A5905DAFF;7DE9853A-EBAC-4DB5-AD6C-0E06C4B3230C
107062338;992EDB49-F920-4B62-8B3F-876825DC1573;7DE9853A-EBAC-4DB5-AD6C-0E06C4B3230C
107062339;64ED8BBE-F28A-454E-B9E3-21571EE4418C;7DE9853A-EBAC-4DB5-AD6C-0E06C4B3230C
107062344;A6A3B74A-76C6-4216-A797-1B05F9951EF6;7DE9853A-EBAC-4DB5-AD6C-0E06C4B3230C
107062345;72A26EA1-E839-473D-853D-4624EBEB0875;7DE9853A-EBAC-4DB5-AD6C-0E06C4B3230C
107062346;AFE56C76-45A4-47EE-8B09-5530CCDD57FD;7DE9853A-EBAC-4DB5-AD6C-0E06C4B3230C
107062347;4578D08F-54D1-4DD3-B853-6AC138CC1548;7DE9853A-EBAC-4DB5-AD6C-0E06C4B3230C
107062348;8C0FD5B6-1EAF-41CA-A01C-772BD155E231;7DE9853A-EBAC-4DB5-AD6C-0E06C4B3230C
107062349;0D409146-0310-4EA5-A794-15B2B3BAC8FF;7DE9853A-EBAC-4DB5-AD6C-0E06C4B3230C
107062350;97861E70-44C7-428B-A058-DF02C312FC47;7DE9853A-EBAC-4DB5-AD6C-0E06C4B3230C
107062351;2EB95036-12B4-4638-98AA-43FFACA6FF2C;7DE9853A-EBAC-4DB5-AD6C-0E06C4B3230C
107062352;E03190D1-AF23-4AE5-84D8-F4E03D026E5C;7DE9853A-EBAC-4DB5-AD6C-0E06C4B3230C
107062353;5E6128B6-C31E-4BE6-9024-2B8AB532B272;7DE9853A-EBAC-4DB5-AD6C-0E06C4B3230C
107062457;945F04B8-9051-44A7-BDE5-7B6DA11036AA;7DE9853A-EBAC-4DB5-AD6C-0E06C4B3230C
107062458;7B4244D8-A7C3-4BED-8FB9-0D826CD7589C;7DE9853A-EBAC-4DB5-AD6C-0E06C4B3230C
107062459;53BCF5A4-F1D3-47A0-BDBD-2FC11BA93AEF;7DE9853A-EBAC-4DB5-AD6C-0E06C4B3230C
107065553;39C7473E-20D7-4050-9AC4-20985D1E46F9;7DE9853A-EBAC-4DB5-AD6C-0E06C4B3230C
107065554;264C8031-1B3C-433C-91D3-4C6CD195D444;7DE9853A-EBAC-4DB5-AD6C-0E06C4B3230C
107065555;F54ECE4F-405E-45AC-8E28-023614A194F1;7DE9853A-EBAC-4DB5-AD6C-0E06C4B3230C
107065556;4445EC8D-2862-4553-BA3F-863F53E75CFD;7DE9853A-EBAC-4DB5-AD6C-0E06C4B3230C
107065559;37150A98-012E-4D05-94E2-086B2DA66D8D;7DE9853A-EBAC-4DB5-AD6C-0E06C4B3230C
107065561;5B751723-B962-4ABB-AB8B-E172B1233C28;7DE9853A-EBAC-4DB5-AD6C-0E06C4B3230C
107065562;4493E21A-B9D5-4110-A027-E031154219F5;7DE9853A-EBAC-4DB5-AD6C-0E06C4B3230C
107065566;068CB4B7-A933-403B-8B74-36BEA016306F;7DE9853A-EBAC-4DB5-AD6C-0E06C4B3230C
107065567;B19EE135-2C20-450F-BA3D-B5AA4C888AFA;7DE9853A-EBAC-4DB5-AD6C-0E06C4B3230C
107065568;A36B8BB5-E3B7-4571-BC91-74D346567C1B;7DE9853A-EBAC-4DB5-AD6C-0E06C4B3230C
107065569;8FE54F7A-48C4-4438-9977-464B0F9DF846;7DE9853A-EBAC-4DB5-AD6C-0E06C4B3230C
107065570;400BCF81-4B25-474A-9F83-43ED7EC99474;7DE9853A-EBAC-4DB5-AD6C-0E06C4B3230C
107065571;2E806049-4EF4-4532-BE06-4DC98B8E6475;7DE9853A-EBAC-4DB5-AD6C-0E06C4B3230C
107065573;7B89F0B8-3CC4-45B3-8596-AB268F39EED0;7DE9853A-EBAC-4DB5-AD6C-0E06C4B3230C
107065574;E96AC9A9-E551-4112-B2D4-F2BA73F05CA9;7DE9853A-EBAC-4DB5-AD6C-0E06C4B3230C
107065575;D9666FE5-6531-4D58-B58D-A700784F6510;7DE9853A-EBAC-4DB5-AD6C-0E06C4B3230C
107065576;5F705C5B-EE28-4DE7-A2DD-159D56FEB6B7;7DE9853A-EBAC-4DB5-AD6C-0E06C4B3230C
107065646;EB63CC78-CDBA-40A8-B27F-F915EF3B8DF5;7DE9853A-EBAC-4DB5-AD6C-0E06C4B3230C
107065647;0BB1B26F-0882-459C-81E4-82C3371F27C7;7DE9853A-EBAC-4DB5-AD6C-0E06C4B3230C
107065649;1CB6BD2E-6ED0-4B42-AFF0-179BE7CB7D40;7DE9853A-EBAC-4DB5-AD6C-0E06C4B3230C
107065650;11CDA4F9-CC0E-4BA5-8DB3-4E729C9D7E5E;7DE9853A-EBAC-4DB5-AD6C-0E06C4B3230C
107065651;053867D6-F1F4-4592-9581-E882DE2CC1ED;7DE9853A-EBAC-4DB5-AD6C-0E06C4B3230C
107065652;95C6AF21-386A-49E4-AF90-29CF66D36BA3;7DE9853A-EBAC-4DB5-AD6C-0E06C4B3230C
107065653;20840255-5359-451D-82A1-F408F41320D5;7DE9853A-EBAC-4DB5-AD6C-0E06C4B3230C
107065654;729E1C42-6B97-48FB-9F12-231172F8B67C;7DE9853A-EBAC-4DB5-AD6C-0E06C4B3230C
107065655;CF978290-A66A-4621-AD60-8F62EA6B9A86;7DE9853A-EBAC-4DB5-AD6C-0E06C4B3230C
107065656;87F566F1-0DC2-4613-9703-564EFAC5925F;7DE9853A-EBAC-4DB5-AD6C-0E06C4B3230C
107065657;EF90A0CA-A104-4C31-99B7-6880D8E337EC;7DE9853A-EBAC-4DB5-AD6C-0E06C4B3230C
107065658;2A6BD915-7319-4FDC-B1DB-1DFA8B3B3C3C;7DE9853A-EBAC-4DB5-AD6C-0E06C4B3230C
107065659;82C1316C-F593-4FDB-99EE-DAF46134E019;7DE9853A-EBAC-4DB5-AD6C-0E06C4B3230C
107065660;7ACAF722-6596-4252-B29D-3E4B988F82DE;7DE9853A-EBAC-4DB5-AD6C-0E06C4B3230C
107065661;94E5A702-0B10-4A29-8253-29EDFD2585C2;7DE9853A-EBAC-4DB5-AD6C-0E06C4B3230C
107065662;173B7E65-FECE-4964-9426-8B867A97DA54;7DE9853A-EBAC-4DB5-AD6C-0E06C4B3230C
107065663;36AC6850-D097-4E5A-9F38-CC40F52775CC;7DE9853A-EBAC-4DB5-AD6C-0E06C4B3230C
107065664;CB15F6C2-6341-4EEC-946B-E9429CFADE6F;7DE9853A-EBAC-4DB5-AD6C-0E06C4B3230C
107066083;A42EE324-9A74-4CDD-809B-79614539BE89;7DE9853A-EBAC-4DB5-AD6C-0E06C4B3230C
107066084;B84EFCA1-F622-4022-84B0-F39D247ECD3B;7DE9853A-EBAC-4DB5-AD6C-0E06C4B3230C
107066085;02D2A27E-0AFD-4CEC-88B8-660B8ACEDBC8;7DE9853A-EBAC-4DB5-AD6C-0E06C4B3230C
107066086;737847F6-0C08-4622-B398-D07E182C44EF;7DE9853A-EBAC-4DB5-AD6C-0E06C4B3230C
107066087;A36F7B80-2480-4F7C-AE48-C570B714A1A4;7DE9853A-EBAC-4DB5-AD6C-0E06C4B3230C
107066088;933C230B-D54A-466C-8076-4E517102A5E8;7DE9853A-EBAC-4DB5-AD6C-0E06C4B3230C
107066089;06B0A354-C83D-4F99-AAE8-C6565BF99E2C;7DE9853A-EBAC-4DB5-AD6C-0E06C4B3230C
107066090;793C5DD7-5598-4480-82E5-3BF34F90C21D;7DE9853A-EBAC-4DB5-AD6C-0E06C4B3230C
107066091;C959D20A-622B-437F-9623-4D469ACD9620;7DE9853A-EBAC-4DB5-AD6C-0E06C4B3230C
107066092;FB0C1AF9-DFF5-4838-A557-757D110499CA;7DE9853A-EBAC-4DB5-AD6C-0E06C4B3230C
107066093;17AFA2F6-4093-4204-9478-B83B7500A439;7DE9853A-EBAC-4DB5-AD6C-0E06C4B3230C
107066094;F2416BE4-70A0-4DD5-88E0-C3B74EEC77C7;7DE9853A-EBAC-4DB5-AD6C-0E06C4B3230C
107066095;DD142816-9315-4825-BC2C-8E959FAE49AA;7DE9853A-EBAC-4DB5-AD6C-0E06C4B3230C
107066096;E3A4490B-445C-4E14-8507-1F3B6C0E18B8;7DE9853A-EBAC-4DB5-AD6C-0E06C4B3230C
107066097;170F566D-9406-409A-904D-19885BD87657;7DE9853A-EBAC-4DB5-AD6C-0E06C4B3230C
107066098;C8E4D528-1D04-427A-8B62-706D243686D1;7DE9853A-EBAC-4DB5-AD6C-0E06C4B3230C
107066099;5ED878DA-8E67-465A-B717-CBF0BAA624E0;7DE9853A-EBAC-4DB5-AD6C-0E06C4B3230C
107066100;9C001B87-F9A0-46DB-9955-1E4C796DA10A;7DE9853A-EBAC-4DB5-AD6C-0E06C4B3230C
107066101;73444B27-61A3-4114-AD7B-4CDA90104DD9;7DE9853A-EBAC-4DB5-AD6C-0E06C4B3230C
107066102;62EDDC05-B2AC-4A09-BA41-21E25A3DF0D2;7DE9853A-EBAC-4DB5-AD6C-0E06C4B3230C
107066103;84F1F764-9F1F-41B9-A9D7-BE40C58B3076;7DE9853A-EBAC-4DB5-AD6C-0E06C4B3230C
107066104;58791390-07AC-44AB-818A-1B5FDADC7AA8;7DE9853A-EBAC-4DB5-AD6C-0E06C4B3230C
107066105;63B68FB7-BBE9-41ED-80EE-672BA26318EC;7DE9853A-EBAC-4DB5-AD6C-0E06C4B3230C
107066106;0EC690CD-7D30-4BCA-A45C-71DEED9D5FCB;7DE9853A-EBAC-4DB5-AD6C-0E06C4B3230C
107066107;69126DDE-B54D-4612-90E9-8AC11B8FB6A5;7DE9853A-EBAC-4DB5-AD6C-0E06C4B3230C
107066108;F786DA97-2CCB-4BFC-8E7A-D1AEE259C6CE;7DE9853A-EBAC-4DB5-AD6C-0E06C4B3230C
107066109;675B9026-D314-4DF2-802B-FFE5CAF57F45;7DE9853A-EBAC-4DB5-AD6C-0E06C4B3230C
107066110;258798E9-08BB-404A-B68C-07E34BE9077C;7DE9853A-EBAC-4DB5-AD6C-0E06C4B3230C
107066111;E9BE3ABC-4A82-44A9-B183-FEC72894D533;7DE9853A-EBAC-4DB5-AD6C-0E06C4B3230C
107066112;2C044BE3-0665-4C40-A677-11799F7640ED;7DE9853A-EBAC-4DB5-AD6C-0E06C4B3230C
107066160;F73BBFD6-5BA3-48FB-A206-D66CA07B690D;7DE9853A-EBAC-4DB5-AD6C-0E06C4B3230C
107066161;B6E8CEA5-40BE-43BA-BC69-A87FEF357B9E;7DE9853A-EBAC-4DB5-AD6C-0E06C4B3230C
107066162;7A280537-FD5C-4EB2-81A4-B991BF77F467;7DE9853A-EBAC-4DB5-AD6C-0E06C4B3230C
107066163;89C79B39-E331-456F-B533-E51CAE6E1EB5;7DE9853A-EBAC-4DB5-AD6C-0E06C4B3230C
107066164;185217DC-E9F1-4B1D-B8E7-ACD4AA21719D;7DE9853A-EBAC-4DB5-AD6C-0E06C4B3230C
107066165;5763FE43-D0E9-4F9D-A684-F998D98EA1A7;7DE9853A-EBAC-4DB5-AD6C-0E06C4B3230C
107066166;FE67BA25-A2DC-4FF5-BE7F-ECD99A01D291;7DE9853A-EBAC-4DB5-AD6C-0E06C4B3230C
107066167;C13083E6-55A3-4AC3-8B81-B49424FD9C56;7DE9853A-EBAC-4DB5-AD6C-0E06C4B3230C
107066168;26B5FD23-F411-4631-B6E6-F0A7D6F5ADC3;7DE9853A-EBAC-4DB5-AD6C-0E06C4B3230C
107066169;CC35E5F6-490C-4D23-90CF-C5145CD6999D;7DE9853A-EBAC-4DB5-AD6C-0E06C4B3230C
107066170;97E21181-0FC2-4174-B7B9-8F31B703E031;7DE9853A-EBAC-4DB5-AD6C-0E06C4B3230C
107066171;2C2A052C-469E-4789-BFCD-5AB3FAFB64DF;7DE9853A-EBAC-4DB5-AD6C-0E06C4B3230C
107066172;97B26F22-E327-4923-BC59-12920713F79E;7DE9853A-EBAC-4DB5-AD6C-0E06C4B3230C
107066173;C96E1AEA-3C9C-49D3-9373-40D9E6ED25AC;7DE9853A-EBAC-4DB5-AD6C-0E06C4B3230C
107066174;7B7B7F4E-76CB-401D-99CA-305EFAF2F965;7DE9853A-EBAC-4DB5-AD6C-0E06C4B3230C
107066175;442CA6C7-4267-45BB-8E58-59DFBFA1EE6B;7DE9853A-EBAC-4DB5-AD6C-0E06C4B3230C
107066176;7C7EB510-B483-4D90-9FE9-C87E49A6480D;7DE9853A-EBAC-4DB5-AD6C-0E06C4B3230C
107066177;7F529A93-0654-4771-948D-491D23659428;7DE9853A-EBAC-4DB5-AD6C-0E06C4B3230C
107066178;C5EADDAB-1F9C-4C17-956C-7601367ADFB4;7DE9853A-EBAC-4DB5-AD6C-0E06C4B3230C
107066179;7BC75185-AD08-49C6-B738-F245113BF72A;7DE9853A-EBAC-4DB5-AD6C-0E06C4B3230C
107066180;E3B3932D-FF2C-4340-94F1-BFD4C7807A68;7DE9853A-EBAC-4DB5-AD6C-0E06C4B3230C
107066181;7420F567-E558-412C-962F-08B208E78C1B;7DE9853A-EBAC-4DB5-AD6C-0E06C4B3230C
107066182;2C325A9C-1DAF-4668-B8E7-17149ECE9C8A;7DE9853A-EBAC-4DB5-AD6C-0E06C4B3230C
107066183;BC061836-76C2-4D1B-A8A3-1F90E284D882;7DE9853A-EBAC-4DB5-AD6C-0E06C4B3230C
107066184;387A10BE-8F0E-4914-9D92-087F02B3F314;7DE9853A-EBAC-4DB5-AD6C-0E06C4B3230C
107066185;41302943-9FEB-42AC-B02A-72B279D48001;7DE9853A-EBAC-4DB5-AD6C-0E06C4B3230C
107066186;15BAB3C3-115C-4E15-B2A7-DBF20FF45AAB;7DE9853A-EBAC-4DB5-AD6C-0E06C4B3230C
107066187;5A641C6E-78BB-429E-B9F3-EF1995F05B7B;7DE9853A-EBAC-4DB5-AD6C-0E06C4B3230C
107066188;02CE08A7-6BBC-4931-94C0-C9D96475EE1C;7DE9853A-EBAC-4DB5-AD6C-0E06C4B3230C
107066189;D5440A4C-51E1-4867-A98E-B3A9603E26D9;7DE9853A-EBAC-4DB5-AD6C-0E06C4B3230C
107066190;A6F2CB5E-F4BD-4DB0-A337-357821BFD637;7DE9853A-EBAC-4DB5-AD6C-0E06C4B3230C
107066191;9F791B3B-53EE-4E4A-9FE2-7CBC25F2F73E;7DE9853A-EBAC-4DB5-AD6C-0E06C4B3230C
107066192;559203AC-F278-4E0D-803C-92706E10F9FD;7DE9853A-EBAC-4DB5-AD6C-0E06C4B3230C
107066193;D0F4501C-365B-4C9C-ACE5-BBD0A4198EA6;7DE9853A-EBAC-4DB5-AD6C-0E06C4B3230C
107066194;C9D0CEBE-3D1E-4DCB-B926-273E8283530F;7DE9853A-EBAC-4DB5-AD6C-0E06C4B3230C
107066195;A4B75C85-5D07-4EB3-9D4A-1BD6FB7BD925;7DE9853A-EBAC-4DB5-AD6C-0E06C4B3230C
107066196;CDBE93FD-2488-453F-8B2D-7A7346A097E6;7DE9853A-EBAC-4DB5-AD6C-0E06C4B3230C
